<?xml version="1.0" encoding="UTF-8"?>
<!DOCTYPE mapper PUBLIC "-//mybatis.org//DTD Mapper 3.0//EN" "http://mybatis.org/dtd/mybatis-3-mapper.dtd">
<mapper namespace="com.qdbank.mall.mapper.position.PositionDOMapper">
  <resultMap id="BaseResultMap" type="com.qdbank.mall.model.position.PositionDO">
    <id column="ID" jdbcType="NUMERIC" property="id" />
    <result column="POSITION_NAME" jdbcType="VARCHAR" property="positionName" />
    <result column="POSITION_LEVEL" jdbcType="NUMERIC" property="positionLevel" />
    <result column="JUMP_URL" jdbcType="VARCHAR" property="jumpUrl" />
    <result column="PIC_URL" jdbcType="VARCHAR" property="picUrl" />
    <result column="STATUS" jdbcType="NUMERIC" property="status" />
    <result column="GROUP_ID" jdbcType="VARCHAR" property="groupId" />
    <result column="CREATE_TIME" jdbcType="TIMESTAMP" property="createTime" />
    <result column="UPDATE_TIME" jdbcType="TIMESTAMP" property="updateTime" />
    <result column="CREATED_BY" jdbcType="VARCHAR" property="createdBy" />
    <result column="UPDATED_BY" jdbcType="VARCHAR" property="updatedBy" />
  </resultMap>
  <sql id="Example_Where_Clause">
    <where>
      <foreach collection="oredCriteria" item="criteria" separator="or">
        <if test="criteria.valid">
          <trim prefix="(" prefixOverrides="and" suffix=")">
            <foreach collection="criteria.criteria" item="criterion">
              <choose>
                <when test="criterion.noValue">
                  and ${criterion.condition}
                </when>
                <when test="criterion.singleValue">
                  and ${criterion.condition} #{criterion.value}
                </when>
                <when test="criterion.betweenValue">
                  and ${criterion.condition} #{criterion.value} and #{criterion.secondValue}
                </when>
                <when test="criterion.listValue">
                  and ${criterion.condition}
                  <foreach close=")" collection="criterion.value" item="listItem" open="(" separator=",">
                    #{listItem}
                  </foreach>
                </when>
              </choose>
            </foreach>
          </trim>
        </if>
      </foreach>
    </where>
  </sql>
  <sql id="Update_By_Example_Where_Clause">
    <where>
      <foreach collection="example.oredCriteria" item="criteria" separator="or">
        <if test="criteria.valid">
          <trim prefix="(" prefixOverrides="and" suffix=")">
            <foreach collection="criteria.criteria" item="criterion">
              <choose>
                <when test="criterion.noValue">
                  and ${criterion.condition}
                </when>
                <when test="criterion.singleValue">
                  and ${criterion.condition} #{criterion.value}
                </when>
                <when test="criterion.betweenValue">
                  and ${criterion.condition} #{criterion.value} and #{criterion.secondValue}
                </when>
                <when test="criterion.listValue">
                  and ${criterion.condition}
                  <foreach close=")" collection="criterion.value" item="listItem" open="(" separator=",">
                    #{listItem}
                  </foreach>
                </when>
              </choose>
            </foreach>
          </trim>
        </if>
      </foreach>
    </where>
  </sql>
  <sql id="Base_Column_List">
    ID, POSITION_NAME, POSITION_LEVEL, JUMP_URL, PIC_URL, STATUS, GROUP_ID, CREATE_TIME, 
    UPDATE_TIME, CREATED_BY, UPDATED_BY
  </sql>
  <select id="selectByExample" parameterType="com.qdbank.mall.model.position.PositionDOExample" resultMap="BaseResultMap">
    select
    <if test="distinct">
      distinct
    </if>
    'true' as QUERYID,
    <include refid="Base_Column_List" />
    from CMS_POSITION
    <if test="_parameter != null">
      <include refid="Example_Where_Clause" />
    </if>
    <if test="orderByClause != null">
      order by ${orderByClause}
    </if>
  </select>
  <select id="selectByPrimaryKey" parameterType="java.lang.Long" resultMap="BaseResultMap">
    select 
    <include refid="Base_Column_List" />
    from CMS_POSITION
    where ID = #{id,jdbcType=NUMERIC}
  </select>
  <delete id="deleteByPrimaryKey" parameterType="java.math.BigDecimal">
    delete from CMS_POSITION
    where ID = #{id,jdbcType=NUMERIC}
  </delete>
  <delete id="deleteByExample" parameterType="com.qdbank.mall.model.position.PositionDOExample">
    delete from CMS_POSITION
    <if test="_parameter != null">
      <include refid="Example_Where_Clause" />
    </if>
  </delete>
  <insert id="insert" parameterType="com.qdbank.mall.model.position.PositionDO">
    insert into CMS_POSITION (ID, POSITION_NAME, POSITION_LEVEL, 
      JUMP_URL, PIC_URL, STATUS, 
      GROUP_ID, CREATE_TIME, UPDATE_TIME, 
      CREATED_BY, UPDATED_BY)
    values (#{id,jdbcType=NUMERIC}, #{positionName,jdbcType=VARCHAR}, #{positionLevel,jdbcType=NUMERIC}, 
      #{jumpUrl,jdbcType=VARCHAR}, #{picUrl,jdbcType=VARCHAR}, #{status,jdbcType=NUMERIC}, 
      #{groupId,jdbcType=VARCHAR}, #{createTime,jdbcType=TIMESTAMP}, #{updateTime,jdbcType=TIMESTAMP}, 
      #{createdBy,jdbcType=VARCHAR}, #{updatedBy,jdbcType=VARCHAR})
  </insert>
  <insert id="insertSelective" parameterType="com.qdbank.mall.model.position.PositionDO">
    insert into CMS_POSITION
    <trim prefix="(" suffix=")" suffixOverrides=",">
      <if test="id != null">
        ID,
      </if>
      <if test="positionName != null">
        POSITION_NAME,
      </if>
      <if test="positionLevel != null">
        POSITION_LEVEL,
      </if>
      <if test="jumpUrl != null">
        JUMP_URL,
      </if>
      <if test="picUrl != null">
        PIC_URL,
      </if>
      <if test="status != null">
        STATUS,
      </if>
      <if test="groupId != null">
        GROUP_ID,
      </if>
      <if test="createTime != null">
        CREATE_TIME,
      </if>
      <if test="updateTime != null">
        UPDATE_TIME,
      </if>
      <if test="createdBy != null">
        CREATED_BY,
      </if>
      <if test="updatedBy != null">
        UPDATED_BY,
      </if>
    </trim>
    <trim prefix="values (" suffix=")" suffixOverrides=",">
      <if test="id != null">
        #{id,jdbcType=NUMERIC},
      </if>
      <if test="positionName != null">
        #{positionName,jdbcType=VARCHAR},
      </if>
      <if test="positionLevel != null">
        #{positionLevel,jdbcType=NUMERIC},
      </if>
      <if test="jumpUrl != null">
        #{jumpUrl,jdbcType=VARCHAR},
      </if>
      <if test="picUrl != null">
        #{picUrl,jdbcType=VARCHAR},
      </if>
      <if test="status != null">
        #{status,jdbcType=NUMERIC},
      </if>
      <if test="groupId != null">
        #{groupId,jdbcType=VARCHAR},
      </if>
      <if test="createTime != null">
        #{createTime,jdbcType=TIMESTAMP},
      </if>
      <if test="updateTime != null">
        #{updateTime,jdbcType=TIMESTAMP},
      </if>
      <if test="createdBy != null">
        #{createdBy,jdbcType=VARCHAR},
      </if>
      <if test="updatedBy != null">
        #{updatedBy,jdbcType=VARCHAR},
      </if>
    </trim>
  </insert>
  <select id="countByExample" parameterType="com.qdbank.mall.model.position.PositionDOExample" resultType="java.lang.Long">
    select count(*) from CMS_POSITION
    <if test="_parameter != null">
      <include refid="Example_Where_Clause" />
    </if>
  </select>
  <update id="updateByExampleSelective" parameterType="map">
    update CMS_POSITION
    <set>
      <if test="record.id != null">
        ID = #{record.id,jdbcType=NUMERIC},
      </if>
      <if test="record.positionName != null">
        POSITION_NAME = #{record.positionName,jdbcType=VARCHAR},
      </if>
      <if test="record.positionLevel != null">
        POSITION_LEVEL = #{record.positionLevel,jdbcType=NUMERIC},
      </if>
      <if test="record.jumpUrl != null">
        JUMP_URL = #{record.jumpUrl,jdbcType=VARCHAR},
      </if>
      <if test="record.picUrl != null">
        PIC_URL = #{record.picUrl,jdbcType=VARCHAR},
      </if>
      <if test="record.status != null">
        STATUS = #{record.status,jdbcType=NUMERIC},
      </if>
      <if test="record.groupId != null">
        GROUP_ID = #{record.groupId,jdbcType=VARCHAR},
      </if>
      <if test="record.createTime != null">
        CREATE_TIME = #{record.createTime,jdbcType=TIMESTAMP},
      </if>
      <if test="record.updateTime != null">
        UPDATE_TIME = #{record.updateTime,jdbcType=TIMESTAMP},
      </if>
      <if test="record.createdBy != null">
        CREATED_BY = #{record.createdBy,jdbcType=VARCHAR},
      </if>
      <if test="record.updatedBy != null">
        UPDATED_BY = #{record.updatedBy,jdbcType=VARCHAR},
      </if>
    </set>
    <if test="_parameter != null">
      <include refid="Update_By_Example_Where_Clause" />
    </if>
  </update>
  <update id="updateByExample" parameterType="map">
    update CMS_POSITION
    set ID = #{record.id,jdbcType=NUMERIC},
      POSITION_NAME = #{record.positionName,jdbcType=VARCHAR},
      POSITION_LEVEL = #{record.positionLevel,jdbcType=NUMERIC},
      JUMP_URL = #{record.jumpUrl,jdbcType=VARCHAR},
      PIC_URL = #{record.picUrl,jdbcType=VARCHAR},
      STATUS = #{record.status,jdbcType=NUMERIC},
      GROUP_ID = #{record.groupId,jdbcType=VARCHAR},
      CREATE_TIME = #{record.createTime,jdbcType=TIMESTAMP},
      UPDATE_TIME = #{record.updateTime,jdbcType=TIMESTAMP},
      CREATED_BY = #{record.createdBy,jdbcType=VARCHAR},
      UPDATED_BY = #{record.updatedBy,jdbcType=VARCHAR}
    <if test="_parameter != null">
      <include refid="Update_By_Example_Where_Clause" />
    </if>
  </update>
  <update id="updateByPrimaryKeySelective" parameterType="com.qdbank.mall.model.position.PositionDO">
    update CMS_POSITION
    <set>
      <if test="positionName != null">
        POSITION_NAME = #{positionName,jdbcType=VARCHAR},
      </if>
      <if test="positionLevel != null">
        POSITION_LEVEL = #{positionLevel,jdbcType=NUMERIC},
      </if>
      <if test="jumpUrl != null">
        JUMP_URL = #{jumpUrl,jdbcType=VARCHAR},
      </if>
      <if test="picUrl != null">
        PIC_URL = #{picUrl,jdbcType=VARCHAR},
      </if>
      <if test="status != null">
        STATUS = #{status,jdbcType=NUMERIC},
      </if>
      <if test="groupId != null">
        GROUP_ID = #{groupId,jdbcType=VARCHAR},
      </if>
      <if test="createTime != null">
        CREATE_TIME = #{createTime,jdbcType=TIMESTAMP},
      </if>
      <if test="updateTime != null">
        UPDATE_TIME = #{updateTime,jdbcType=TIMESTAMP},
      </if>
      <if test="createdBy != null">
        CREATED_BY = #{createdBy,jdbcType=VARCHAR},
      </if>
      <if test="updatedBy != null">
        UPDATED_BY = #{updatedBy,jdbcType=VARCHAR},
      </if>
    </set>
    where ID = #{id,jdbcType=NUMERIC}
  </update>
  <update id="updateByPrimaryKey" parameterType="com.qdbank.mall.model.position.PositionDO">
    update CMS_POSITION
    set POSITION_NAME = #{positionName,jdbcType=VARCHAR},
      POSITION_LEVEL = #{positionLevel,jdbcType=NUMERIC},
      JUMP_URL = #{jumpUrl,jdbcType=VARCHAR},
      PIC_URL = #{picUrl,jdbcType=VARCHAR},
      STATUS = #{status,jdbcType=NUMERIC},
      GROUP_ID = #{groupId,jdbcType=VARCHAR},
      CREATE_TIME = #{createTime,jdbcType=TIMESTAMP},
      UPDATE_TIME = #{updateTime,jdbcType=TIMESTAMP},
      CREATED_BY = #{createdBy,jdbcType=VARCHAR},
      UPDATED_BY = #{updatedBy,jdbcType=VARCHAR}
    where ID = #{id,jdbcType=NUMERIC}
  </update>
</mapper>