<?xml version="1.0" encoding="UTF-8"?>
<!DOCTYPE mapper PUBLIC "-//mybatis.org//DTD Mapper 3.0//EN" "http://mybatis.org/dtd/mybatis-3-mapper.dtd">
<mapper namespace="com.qdbank.mall.mapper.userwhite.UserWhiteDOMapper">
  <resultMap id="BaseResultMap" type="com.qdbank.mall.model.userwhite.UserWhiteDO">
    <id column="ID" jdbcType="NUMERIC" property="id" />
    <result column="USER_NAME" jdbcType="VARCHAR" property="userName" />
    <result column="GENDER" jdbcType="VARCHAR" property="gender" />
    <result column="STATUS" jdbcType="VARCHAR" property="status" />
    <result column="MOBILE" jdbcType="VARCHAR" property="mobile" />
    <result column="ID_NO" jdbcType="VARCHAR" property="idNo" />
    <result column="CREATE_TIME" jdbcType="TIMESTAMP" property="createTime" />
    <result column="UPDATE_TIME" jdbcType="TIMESTAMP" property="updateTime" />
    <result column="CREATED_BY" jdbcType="VARCHAR" property="createdBy" />
    <result column="UPDATED_BY" jdbcType="VARCHAR" property="updatedBy" />
    <result column="REMARK" jdbcType="VARCHAR" property="remark"/>
  </resultMap>
  <sql id="Example_Where_Clause">
    <where>
      <foreach collection="oredCriteria" item="criteria" separator="or">
        <if test="criteria.valid">
          <trim prefix="(" prefixOverrides="and" suffix=")">
            <foreach collection="criteria.criteria" item="criterion">
              <choose>
                <when test="criterion.noValue">
                  and ${criterion.condition}
                </when>
                <when test="criterion.singleValue">
                  and ${criterion.condition} #{criterion.value}
                </when>
                <when test="criterion.betweenValue">
                  and ${criterion.condition} #{criterion.value} and #{criterion.secondValue}
                </when>
                <when test="criterion.listValue">
                  and ${criterion.condition}
                  <foreach close=")" collection="criterion.value" item="listItem" open="(" separator=",">
                    #{listItem}
                  </foreach>
                </when>
              </choose>
            </foreach>
          </trim>
        </if>
      </foreach>
    </where>
  </sql>
  <sql id="Update_By_Example_Where_Clause">
    <where>
      <foreach collection="example.oredCriteria" item="criteria" separator="or">
        <if test="criteria.valid">
          <trim prefix="(" prefixOverrides="and" suffix=")">
            <foreach collection="criteria.criteria" item="criterion">
              <choose>
                <when test="criterion.noValue">
                  and ${criterion.condition}
                </when>
                <when test="criterion.singleValue">
                  and ${criterion.condition} #{criterion.value}
                </when>
                <when test="criterion.betweenValue">
                  and ${criterion.condition} #{criterion.value} and #{criterion.secondValue}
                </when>
                <when test="criterion.listValue">
                  and ${criterion.condition}
                  <foreach close=")" collection="criterion.value" item="listItem" open="(" separator=",">
                    #{listItem}
                  </foreach>
                </when>
              </choose>
            </foreach>
          </trim>
        </if>
      </foreach>
    </where>
  </sql>
  <sql id="Base_Column_List">
    ID, USER_NAME, GENDER, STATUS, MOBILE, ID_NO, CREATE_TIME, UPDATE_TIME, CREATED_BY, 
    UPDATED_BY,REMARK
  </sql>
  <select id="selectByExample" parameterType="com.qdbank.mall.model.userwhite.UserWhiteDOExample" resultMap="BaseResultMap">
    select
    <if test="distinct">
      distinct
    </if>
    'true' as QUERYID,
    <include refid="Base_Column_List" />
    from USER_WHITE_NAME_CONFIG
    <if test="_parameter != null">
      <include refid="Example_Where_Clause" />
    </if>
    <if test="orderByClause != null">
      order by ${orderByClause}
    </if>
  </select>
  <select id="selectByPrimaryKey" parameterType="java.lang.Long" resultMap="BaseResultMap">
    select 
    <include refid="Base_Column_List" />
    from USER_WHITE_NAME_CONFIG
    where ID = #{id,jdbcType=NUMERIC}
  </select>
  <delete id="deleteByPrimaryKey" parameterType="java.math.BigDecimal">
    delete from USER_WHITE_NAME_CONFIG
    where ID = #{id,jdbcType=NUMERIC}
  </delete>
  <delete id="deleteByExample" parameterType="com.qdbank.mall.model.userwhite.UserWhiteDOExample">
    delete from USER_WHITE_NAME_CONFIG
    <if test="_parameter != null">
      <include refid="Example_Where_Clause" />
    </if>
  </delete>
  <insert id="insert" parameterType="com.qdbank.mall.model.userwhite.UserWhiteDO">
    insert into USER_WHITE_NAME_CONFIG (ID, USER_NAME, GENDER, 
      STATUS, MOBILE, ID_NO, 
      CREATE_TIME, UPDATE_TIME, CREATED_BY, 
      UPDATED_BY,REMARK)
    values (#{id,jdbcType=NUMERIC}, #{userName,jdbcType=VARCHAR}, #{gender,jdbcType=VARCHAR},
      #{status,jdbcType=VARCHAR}, #{mobile,jdbcType=VARCHAR}, #{idNo,jdbcType=VARCHAR}, 
      #{createTime,jdbcType=TIMESTAMP}, #{updateTime,jdbcType=TIMESTAMP}, #{createdBy,jdbcType=VARCHAR}, 
      #{updatedBy,jdbcType=VARCHAR},#{remark,jdbcType=VARCHAR})
  </insert>
  <insert id="insertSelective" parameterType="com.qdbank.mall.model.userwhite.UserWhiteDO">
    insert into USER_WHITE_NAME_CONFIG
    <trim prefix="(" suffix=")" suffixOverrides=",">
      <if test="id != null">
        ID,
      </if>
      <if test="userName != null">
        USER_NAME,
      </if>
      <if test="gender != null">
        GENDER,
      </if>
      <if test="status != null">
        STATUS,
      </if>
      <if test="mobile != null">
        MOBILE,
      </if>
      <if test="idNo != null">
        ID_NO,
      </if>
      <if test="createTime != null">
        CREATE_TIME,
      </if>
      <if test="updateTime != null">
        UPDATE_TIME,
      </if>
      <if test="createdBy != null">
        CREATED_BY,
      </if>
      <if test="updatedBy != null">
        UPDATED_BY,
      </if>
    </trim>
    <trim prefix="values (" suffix=")" suffixOverrides=",">
      <if test="id != null">
        #{id,jdbcType=NUMERIC},
      </if>
      <if test="userName != null">
        #{userName,jdbcType=VARCHAR},
      </if>
      <if test="gender != null">
        #{gender,jdbcType=VARCHAR},
      </if>
      <if test="status != null">
        #{status,jdbcType=VARCHAR},
      </if>
      <if test="mobile != null">
        #{mobile,jdbcType=VARCHAR},
      </if>
      <if test="idNo != null">
        #{idNo,jdbcType=VARCHAR},
      </if>
      <if test="createTime != null">
        #{createTime,jdbcType=TIMESTAMP},
      </if>
      <if test="updateTime != null">
        #{updateTime,jdbcType=TIMESTAMP},
      </if>
      <if test="createdBy != null">
        #{createdBy,jdbcType=VARCHAR},
      </if>
      <if test="updatedBy != null">
        #{updatedBy,jdbcType=VARCHAR},
      </if>
    </trim>
  </insert>
  <select id="countByExample" parameterType="com.qdbank.mall.model.userwhite.UserWhiteDOExample" resultType="java.lang.Long">
    select count(*) from USER_WHITE_NAME_CONFIG
    <if test="_parameter != null">
      <include refid="Example_Where_Clause" />
    </if>
  </select>
  <update id="updateByExampleSelective" parameterType="map">
    update USER_WHITE_NAME_CONFIG
    <set>
      <if test="record.id != null">
        ID = #{record.id,jdbcType=NUMERIC},
      </if>
      <if test="record.userName != null">
        USER_NAME = #{record.userName,jdbcType=VARCHAR},
      </if>
      <if test="record.gender != null">
        GENDER = #{record.gender,jdbcType=VARCHAR},
      </if>
      <if test="record.status != null">
        STATUS = #{record.status,jdbcType=VARCHAR},
      </if>
      <if test="record.mobile != null">
        MOBILE = #{record.mobile,jdbcType=VARCHAR},
      </if>
      <if test="record.idNo != null">
        ID_NO = #{record.idNo,jdbcType=VARCHAR},
      </if>
      <if test="record.createTime != null">
        CREATE_TIME = #{record.createTime,jdbcType=TIMESTAMP},
      </if>
      <if test="record.updateTime != null">
        UPDATE_TIME = #{record.updateTime,jdbcType=TIMESTAMP},
      </if>
      <if test="record.createdBy != null">
        CREATED_BY = #{record.createdBy,jdbcType=VARCHAR},
      </if>
      <if test="record.updatedBy != null">
        UPDATED_BY = #{record.updatedBy,jdbcType=VARCHAR},
      </if>
    </set>
    <if test="_parameter != null">
      <include refid="Update_By_Example_Where_Clause" />
    </if>
  </update>
  <update id="updateByExample" parameterType="map">
    update USER_WHITE_NAME_CONFIG
    set ID = #{record.id,jdbcType=NUMERIC},
      USER_NAME = #{record.userName,jdbcType=VARCHAR},
      GENDER = #{record.gender,jdbcType=VARCHAR},
      STATUS = #{record.status,jdbcType=VARCHAR},
      MOBILE = #{record.mobile,jdbcType=VARCHAR},
      ID_NO = #{record.idNo,jdbcType=VARCHAR},
      CREATE_TIME = #{record.createTime,jdbcType=TIMESTAMP},
      UPDATE_TIME = #{record.updateTime,jdbcType=TIMESTAMP},
      CREATED_BY = #{record.createdBy,jdbcType=VARCHAR},
      UPDATED_BY = #{record.updatedBy,jdbcType=VARCHAR}
    <if test="_parameter != null">
      <include refid="Update_By_Example_Where_Clause" />
    </if>
  </update>
  <update id="updateByPrimaryKeySelective" parameterType="com.qdbank.mall.model.userwhite.UserWhiteDO">
    update USER_WHITE_NAME_CONFIG
    <set>
      <if test="userName != null">
        USER_NAME = #{userName,jdbcType=VARCHAR},
      </if>
      <if test="gender != null">
        GENDER = #{gender,jdbcType=VARCHAR},
      </if>
      <if test="status != null">
        STATUS = #{status,jdbcType=VARCHAR},
      </if>
      <if test="mobile != null">
        MOBILE = #{mobile,jdbcType=VARCHAR},
      </if>
      <if test="idNo != null">
        ID_NO = #{idNo,jdbcType=VARCHAR},
      </if>
      <if test="createTime != null">
        CREATE_TIME = #{createTime,jdbcType=TIMESTAMP},
      </if>
      <if test="updateTime != null">
        UPDATE_TIME = #{updateTime,jdbcType=TIMESTAMP},
      </if>
      <if test="createdBy != null">
        CREATED_BY = #{createdBy,jdbcType=VARCHAR},
      </if>
      <if test="updatedBy != null">
        UPDATED_BY = #{updatedBy,jdbcType=VARCHAR},
      </if>
      <if test="remark != null">
        REMARK = #{remark,jdbcType=VARCHAR},
      </if>
    </set>
    where ID = #{id,jdbcType=NUMERIC}
  </update>
  <update id="updateByPrimaryKey" parameterType="com.qdbank.mall.model.userwhite.UserWhiteDO">
    update USER_WHITE_NAME_CONFIG
    set USER_NAME = #{userName,jdbcType=VARCHAR},
      GENDER = #{gender,jdbcType=VARCHAR},
      STATUS = #{status,jdbcType=VARCHAR},
      MOBILE = #{mobile,jdbcType=VARCHAR},
      ID_NO = #{idNo,jdbcType=VARCHAR},
      CREATE_TIME = #{createTime,jdbcType=TIMESTAMP},
      UPDATE_TIME = #{updateTime,jdbcType=TIMESTAMP},
      CREATED_BY = #{createdBy,jdbcType=VARCHAR},
      UPDATED_BY = #{updatedBy,jdbcType=VARCHAR}
    where ID = #{id,jdbcType=NUMERIC}
  </update>
</mapper>