<?xml version="1.0" encoding="UTF-8"?>
<!DOCTYPE mapper PUBLIC "-//mybatis.org//DTD Mapper 3.0//EN" "http://mybatis.org/dtd/mybatis-3-mapper.dtd">
<mapper namespace="com.qdbank.mall.mapper.paramsconfig.ParamsConfigDOMapper">
  <resultMap id="BaseResultMap" type="com.qdbank.mall.model.paramsconfig.ParamsConfigDO">
    <id column="ID" jdbcType="DECIMAL" property="id" />
    <result column="PARAM_NAME" jdbcType="VARCHAR" property="paramName" />
    <result column="PARAM_VALUE" jdbcType="VARCHAR" property="paramValue" />
    <result column="PARAM_TYPE" jdbcType="DECIMAL" property="paramType" />
    <result column="PARAM_DESCRIPTION" jdbcType="VARCHAR" property="paramDescription" />
    <result column="CREATE_TIME" jdbcType="TIMESTAMP" property="createTime" />
    <result column="UPDATE_TIME" jdbcType="TIMESTAMP" property="updateTime" />
    <result column="CREATED_BY" jdbcType="VARCHAR" property="createdBy" />
    <result column="UPDATED_BY" jdbcType="VARCHAR" property="updatedBy" />
  </resultMap>
  <sql id="Example_Where_Clause">
    <where>
      <foreach collection="oredCriteria" item="criteria" separator="or">
        <if test="criteria.valid">
          <trim prefix="(" prefixOverrides="and" suffix=")">
            <foreach collection="criteria.criteria" item="criterion">
              <choose>
                <when test="criterion.noValue">
                  and ${criterion.condition}
                </when>
                <when test="criterion.singleValue">
                  and ${criterion.condition} #{criterion.value}
                </when>
                <when test="criterion.betweenValue">
                  and ${criterion.condition} #{criterion.value} and #{criterion.secondValue}
                </when>
                <when test="criterion.listValue">
                  and ${criterion.condition}
                  <foreach close=")" collection="criterion.value" item="listItem" open="(" separator=",">
                    #{listItem}
                  </foreach>
                </when>
              </choose>
            </foreach>
          </trim>
        </if>
      </foreach>
    </where>
  </sql>
  <sql id="Update_By_Example_Where_Clause">
    <where>
      <foreach collection="example.oredCriteria" item="criteria" separator="or">
        <if test="criteria.valid">
          <trim prefix="(" prefixOverrides="and" suffix=")">
            <foreach collection="criteria.criteria" item="criterion">
              <choose>
                <when test="criterion.noValue">
                  and ${criterion.condition}
                </when>
                <when test="criterion.singleValue">
                  and ${criterion.condition} #{criterion.value}
                </when>
                <when test="criterion.betweenValue">
                  and ${criterion.condition} #{criterion.value} and #{criterion.secondValue}
                </when>
                <when test="criterion.listValue">
                  and ${criterion.condition}
                  <foreach close=")" collection="criterion.value" item="listItem" open="(" separator=",">
                    #{listItem}
                  </foreach>
                </when>
              </choose>
            </foreach>
          </trim>
        </if>
      </foreach>
    </where>
  </sql>
  <sql id="Base_Column_List">
    ID, PARAM_NAME, PARAM_VALUE, PARAM_TYPE, PARAM_DESCRIPTION, CREATE_TIME, UPDATE_TIME, 
    CREATED_BY, UPDATED_BY
  </sql>
  <select id="selectByExample" parameterType="com.qdbank.mall.model.paramsconfig.ParamsConfigDOExample" resultMap="BaseResultMap">
    select
    <if test="distinct">
      distinct
    </if>
    'true' as QUERYID,
    <include refid="Base_Column_List" />
    from SYSTEM_PARAMS_CONFG
    <if test="_parameter != null">
      <include refid="Example_Where_Clause" />
    </if>
    <if test="orderByClause != null">
      order by ${orderByClause}
    </if>
  </select>
  <select id="selectByPrimaryKey" parameterType="java.lang.Long" resultMap="BaseResultMap">
    select 
    <include refid="Base_Column_List" />
    from SYSTEM_PARAMS_CONFG
    where ID = #{id,jdbcType=DECIMAL}
  </select>
  <delete id="deleteByPrimaryKey" parameterType="java.lang.Long">
    delete from SYSTEM_PARAMS_CONFG
    where ID = #{id,jdbcType=DECIMAL}
  </delete>
  <delete id="deleteByExample" parameterType="com.qdbank.mall.model.paramsconfig.ParamsConfigDOExample">
    delete from SYSTEM_PARAMS_CONFG
    <if test="_parameter != null">
      <include refid="Example_Where_Clause" />
    </if>
  </delete>
  <insert id="insert" parameterType="com.qdbank.mall.model.paramsconfig.ParamsConfigDO">
    insert into SYSTEM_PARAMS_CONFG (ID, PARAM_NAME, PARAM_VALUE, 
      PARAM_TYPE, PARAM_DESCRIPTION, CREATE_TIME, 
      UPDATE_TIME, CREATED_BY, UPDATED_BY
      )
    values (#{id,jdbcType=DECIMAL}, #{paramName,jdbcType=VARCHAR}, #{paramValue,jdbcType=VARCHAR}, 
      #{paramType,jdbcType=DECIMAL}, #{paramDescription,jdbcType=VARCHAR}, #{createTime,jdbcType=TIMESTAMP}, 
      #{updateTime,jdbcType=TIMESTAMP}, #{createdBy,jdbcType=VARCHAR}, #{updatedBy,jdbcType=VARCHAR}
      )
  </insert>
  <insert id="insertSelective" parameterType="com.qdbank.mall.model.paramsconfig.ParamsConfigDO">
    insert into SYSTEM_PARAMS_CONFG
    <trim prefix="(" suffix=")" suffixOverrides=",">
      <if test="id != null">
        ID,
      </if>
      <if test="paramName != null">
        PARAM_NAME,
      </if>
      <if test="paramValue != null">
        PARAM_VALUE,
      </if>
      <if test="paramType != null">
        PARAM_TYPE,
      </if>
      <if test="paramDescription != null">
        PARAM_DESCRIPTION,
      </if>
      <if test="createTime != null">
        CREATE_TIME,
      </if>
      <if test="updateTime != null">
        UPDATE_TIME,
      </if>
      <if test="createdBy != null">
        CREATED_BY,
      </if>
      <if test="updatedBy != null">
        UPDATED_BY,
      </if>
    </trim>
    <trim prefix="values (" suffix=")" suffixOverrides=",">
      <if test="id != null">
        #{id,jdbcType=DECIMAL},
      </if>
      <if test="paramName != null">
        #{paramName,jdbcType=VARCHAR},
      </if>
      <if test="paramValue != null">
        #{paramValue,jdbcType=VARCHAR},
      </if>
      <if test="paramType != null">
        #{paramType,jdbcType=DECIMAL},
      </if>
      <if test="paramDescription != null">
        #{paramDescription,jdbcType=VARCHAR},
      </if>
      <if test="createTime != null">
        #{createTime,jdbcType=TIMESTAMP},
      </if>
      <if test="updateTime != null">
        #{updateTime,jdbcType=TIMESTAMP},
      </if>
      <if test="createdBy != null">
        #{createdBy,jdbcType=VARCHAR},
      </if>
      <if test="updatedBy != null">
        #{updatedBy,jdbcType=VARCHAR},
      </if>
    </trim>
  </insert>
  <select id="countByExample" parameterType="com.qdbank.mall.model.paramsconfig.ParamsConfigDOExample" resultType="java.lang.Long">
    select count(*) from SYSTEM_PARAMS_CONFG
    <if test="_parameter != null">
      <include refid="Example_Where_Clause" />
    </if>
  </select>
  <update id="updateByExampleSelective" parameterType="map">
    update SYSTEM_PARAMS_CONFG
    <set>
      <if test="record.id != null">
        ID = #{record.id,jdbcType=DECIMAL},
      </if>
      <if test="record.paramName != null">
        PARAM_NAME = #{record.paramName,jdbcType=VARCHAR},
      </if>
      <if test="record.paramValue != null">
        PARAM_VALUE = #{record.paramValue,jdbcType=VARCHAR},
      </if>
      <if test="record.paramType != null">
        PARAM_TYPE = #{record.paramType,jdbcType=DECIMAL},
      </if>
      <if test="record.paramDescription != null">
        PARAM_DESCRIPTION = #{record.paramDescription,jdbcType=VARCHAR},
      </if>
      <if test="record.createTime != null">
        CREATE_TIME = #{record.createTime,jdbcType=TIMESTAMP},
      </if>
      <if test="record.updateTime != null">
        UPDATE_TIME = #{record.updateTime,jdbcType=TIMESTAMP},
      </if>
      <if test="record.createdBy != null">
        CREATED_BY = #{record.createdBy,jdbcType=VARCHAR},
      </if>
      <if test="record.updatedBy != null">
        UPDATED_BY = #{record.updatedBy,jdbcType=VARCHAR},
      </if>
    </set>
    <if test="_parameter != null">
      <include refid="Update_By_Example_Where_Clause" />
    </if>
  </update>
  <update id="updateByExample" parameterType="map">
    update SYSTEM_PARAMS_CONFG
    set ID = #{record.id,jdbcType=DECIMAL},
      PARAM_NAME = #{record.paramName,jdbcType=VARCHAR},
      PARAM_VALUE = #{record.paramValue,jdbcType=VARCHAR},
      PARAM_TYPE = #{record.paramType,jdbcType=DECIMAL},
      PARAM_DESCRIPTION = #{record.paramDescription,jdbcType=VARCHAR},
      CREATE_TIME = #{record.createTime,jdbcType=TIMESTAMP},
      UPDATE_TIME = #{record.updateTime,jdbcType=TIMESTAMP},
      CREATED_BY = #{record.createdBy,jdbcType=VARCHAR},
      UPDATED_BY = #{record.updatedBy,jdbcType=VARCHAR}
    <if test="_parameter != null">
      <include refid="Update_By_Example_Where_Clause" />
    </if>
  </update>
  <update id="updateByPrimaryKeySelective" parameterType="com.qdbank.mall.model.paramsconfig.ParamsConfigDO">
    update SYSTEM_PARAMS_CONFG
    <set>
      <if test="paramName != null">
        PARAM_NAME = #{paramName,jdbcType=VARCHAR},
      </if>
      <if test="paramValue != null">
        PARAM_VALUE = #{paramValue,jdbcType=VARCHAR},
      </if>
      <if test="paramType != null">
        PARAM_TYPE = #{paramType,jdbcType=DECIMAL},
      </if>
      <if test="paramDescription != null">
        PARAM_DESCRIPTION = #{paramDescription,jdbcType=VARCHAR},
      </if>
      <if test="createTime != null">
        CREATE_TIME = #{createTime,jdbcType=TIMESTAMP},
      </if>
      <if test="updateTime != null">
        UPDATE_TIME = #{updateTime,jdbcType=TIMESTAMP},
      </if>
      <if test="createdBy != null">
        CREATED_BY = #{createdBy,jdbcType=VARCHAR},
      </if>
      <if test="updatedBy != null">
        UPDATED_BY = #{updatedBy,jdbcType=VARCHAR},
      </if>
    </set>
    where ID = #{id,jdbcType=DECIMAL}
  </update>
  <update id="updateByPrimaryKey" parameterType="com.qdbank.mall.model.paramsconfig.ParamsConfigDO">
    update SYSTEM_PARAMS_CONFG
    set PARAM_NAME = #{paramName,jdbcType=VARCHAR},
      PARAM_VALUE = #{paramValue,jdbcType=VARCHAR},
      PARAM_TYPE = #{paramType,jdbcType=DECIMAL},
      PARAM_DESCRIPTION = #{paramDescription,jdbcType=VARCHAR},
      CREATE_TIME = #{createTime,jdbcType=TIMESTAMP},
      UPDATE_TIME = #{updateTime,jdbcType=TIMESTAMP},
      CREATED_BY = #{createdBy,jdbcType=VARCHAR},
      UPDATED_BY = #{updatedBy,jdbcType=VARCHAR}
    where ID = #{id,jdbcType=DECIMAL}
  </update>
</mapper>