<?xml version="1.0" encoding="UTF-8"?>
<!DOCTYPE mapper PUBLIC "-//mybatis.org//DTD Mapper 3.0//EN" "http://mybatis.org/dtd/mybatis-3-mapper.dtd">
<mapper namespace="com.qdbank.mall.mapper.productpicurl.ProductPicUrlDOMapper">
  <resultMap id="BaseResultMap" type="com.qdbank.mall.model.productpicurl.ProductPicUrlDO">
    <id column="ID" jdbcType="DECIMAL" property="id" />
    <result column="PRODUCT_ID" jdbcType="DECIMAL" property="productId" />
    <result column="MAIN_FLAG" jdbcType="DECIMAL" property="mainFlag" />
    <result column="PIC_URL" jdbcType="VARCHAR" property="picUrl" />
    <result column="FILE_NAME" jdbcType="VARCHAR" property="fileName" />
    <result column="FILE_SOURCE" jdbcType="VARCHAR" property="fileSource" />
    <result column="CREATE_TIME" jdbcType="TIMESTAMP" property="createTime" />
    <result column="UPDATE_TIME" jdbcType="TIMESTAMP" property="updateTime" />
    <result column="CREATED_BY" jdbcType="VARCHAR" property="createdBy" />
    <result column="UPDATED_BY" jdbcType="VARCHAR" property="updatedBy" />
    <result column="GROUP_ID" jdbcType="VARCHAR" property="groupId" />
  </resultMap>
  <sql id="Example_Where_Clause">
    <where>
      <foreach collection="oredCriteria" item="criteria" separator="or">
        <if test="criteria.valid">
          <trim prefix="(" prefixOverrides="and" suffix=")">
            <foreach collection="criteria.criteria" item="criterion">
              <choose>
                <when test="criterion.noValue">
                  and ${criterion.condition}
                </when>
                <when test="criterion.singleValue">
                  and ${criterion.condition} #{criterion.value}
                </when>
                <when test="criterion.betweenValue">
                  and ${criterion.condition} #{criterion.value} and #{criterion.secondValue}
                </when>
                <when test="criterion.listValue">
                  and ${criterion.condition}
                  <foreach close=")" collection="criterion.value" item="listItem" open="(" separator=",">
                    #{listItem}
                  </foreach>
                </when>
              </choose>
            </foreach>
          </trim>
        </if>
      </foreach>
    </where>
  </sql>
  <sql id="Update_By_Example_Where_Clause">
    <where>
      <foreach collection="example.oredCriteria" item="criteria" separator="or">
        <if test="criteria.valid">
          <trim prefix="(" prefixOverrides="and" suffix=")">
            <foreach collection="criteria.criteria" item="criterion">
              <choose>
                <when test="criterion.noValue">
                  and ${criterion.condition}
                </when>
                <when test="criterion.singleValue">
                  and ${criterion.condition} #{criterion.value}
                </when>
                <when test="criterion.betweenValue">
                  and ${criterion.condition} #{criterion.value} and #{criterion.secondValue}
                </when>
                <when test="criterion.listValue">
                  and ${criterion.condition}
                  <foreach close=")" collection="criterion.value" item="listItem" open="(" separator=",">
                    #{listItem}
                  </foreach>
                </when>
              </choose>
            </foreach>
          </trim>
        </if>
      </foreach>
    </where>
  </sql>
  <sql id="Base_Column_List">
    ID, PRODUCT_ID, MAIN_FLAG, PIC_URL, FILE_NAME, FILE_SOURCE, CREATE_TIME, UPDATE_TIME, 
    CREATED_BY, UPDATED_BY, GROUP_ID
  </sql>
  <select id="selectByExample" parameterType="com.qdbank.mall.model.productpicurl.ProductPicUrlDOExample" resultMap="BaseResultMap">
    select
    <if test="distinct">
      distinct
    </if>
    'true' as QUERYID,
    <include refid="Base_Column_List" />
    from PMS_PRODUCT_PIC_URL
    <if test="_parameter != null">
      <include refid="Example_Where_Clause" />
    </if>
    <if test="orderByClause != null">
      order by ${orderByClause}
    </if>
  </select>
  <select id="selectByPrimaryKey" parameterType="java.lang.Long" resultMap="BaseResultMap">
    select 
    <include refid="Base_Column_List" />
    from PMS_PRODUCT_PIC_URL
    where ID = #{id,jdbcType=DECIMAL}
  </select>
  <delete id="deleteByPrimaryKey" parameterType="java.lang.Long">
    delete from PMS_PRODUCT_PIC_URL
    where ID = #{id,jdbcType=DECIMAL}
  </delete>
  <delete id="deleteByExample" parameterType="com.qdbank.mall.model.productpicurl.ProductPicUrlDOExample">
    delete from PMS_PRODUCT_PIC_URL
    <if test="_parameter != null">
      <include refid="Example_Where_Clause" />
    </if>
  </delete>
  <insert id="insert" parameterType="com.qdbank.mall.model.productpicurl.ProductPicUrlDO">
    insert into PMS_PRODUCT_PIC_URL (ID, PRODUCT_ID, MAIN_FLAG, 
      PIC_URL, FILE_NAME, FILE_SOURCE, 
      CREATE_TIME, UPDATE_TIME, CREATED_BY, 
      UPDATED_BY, GROUP_ID)
    values (#{id,jdbcType=DECIMAL}, #{productId,jdbcType=DECIMAL}, #{mainFlag,jdbcType=DECIMAL}, 
      #{picUrl,jdbcType=VARCHAR}, #{fileName,jdbcType=VARCHAR}, #{fileSource,jdbcType=VARCHAR}, 
      #{createTime,jdbcType=TIMESTAMP}, #{updateTime,jdbcType=TIMESTAMP}, #{createdBy,jdbcType=VARCHAR}, 
      #{updatedBy,jdbcType=VARCHAR}, #{groupId,jdbcType=VARCHAR})
  </insert>
  <insert id="insertSelective" parameterType="com.qdbank.mall.model.productpicurl.ProductPicUrlDO">
    insert into PMS_PRODUCT_PIC_URL
    <trim prefix="(" suffix=")" suffixOverrides=",">
      <if test="id != null">
        ID,
      </if>
      <if test="productId != null">
        PRODUCT_ID,
      </if>
      <if test="mainFlag != null">
        MAIN_FLAG,
      </if>
      <if test="picUrl != null">
        PIC_URL,
      </if>
      <if test="fileName != null">
        FILE_NAME,
      </if>
      <if test="fileSource != null">
        FILE_SOURCE,
      </if>
      <if test="createTime != null">
        CREATE_TIME,
      </if>
      <if test="updateTime != null">
        UPDATE_TIME,
      </if>
      <if test="createdBy != null">
        CREATED_BY,
      </if>
      <if test="updatedBy != null">
        UPDATED_BY,
      </if>
      <if test="groupId != null">
        GROUP_ID,
      </if>
    </trim>
    <trim prefix="values (" suffix=")" suffixOverrides=",">
      <if test="id != null">
        #{id,jdbcType=DECIMAL},
      </if>
      <if test="productId != null">
        #{productId,jdbcType=DECIMAL},
      </if>
      <if test="mainFlag != null">
        #{mainFlag,jdbcType=DECIMAL},
      </if>
      <if test="picUrl != null">
        #{picUrl,jdbcType=VARCHAR},
      </if>
      <if test="fileName != null">
        #{fileName,jdbcType=VARCHAR},
      </if>
      <if test="fileSource != null">
        #{fileSource,jdbcType=VARCHAR},
      </if>
      <if test="createTime != null">
        #{createTime,jdbcType=TIMESTAMP},
      </if>
      <if test="updateTime != null">
        #{updateTime,jdbcType=TIMESTAMP},
      </if>
      <if test="createdBy != null">
        #{createdBy,jdbcType=VARCHAR},
      </if>
      <if test="updatedBy != null">
        #{updatedBy,jdbcType=VARCHAR},
      </if>
      <if test="groupId != null">
        #{groupId,jdbcType=VARCHAR},
      </if>
    </trim>
  </insert>
  <select id="countByExample" parameterType="com.qdbank.mall.model.productpicurl.ProductPicUrlDOExample" resultType="java.lang.Long">
    select count(*) from PMS_PRODUCT_PIC_URL
    <if test="_parameter != null">
      <include refid="Example_Where_Clause" />
    </if>
  </select>
  <update id="updateByExampleSelective" parameterType="map">
    update PMS_PRODUCT_PIC_URL
    <set>
      <if test="record.id != null">
        ID = #{record.id,jdbcType=DECIMAL},
      </if>
      <if test="record.productId != null">
        PRODUCT_ID = #{record.productId,jdbcType=DECIMAL},
      </if>
      <if test="record.mainFlag != null">
        MAIN_FLAG = #{record.mainFlag,jdbcType=DECIMAL},
      </if>
      <if test="record.picUrl != null">
        PIC_URL = #{record.picUrl,jdbcType=VARCHAR},
      </if>
      <if test="record.fileName != null">
        FILE_NAME = #{record.fileName,jdbcType=VARCHAR},
      </if>
      <if test="record.fileSource != null">
        FILE_SOURCE = #{record.fileSource,jdbcType=VARCHAR},
      </if>
      <if test="record.createTime != null">
        CREATE_TIME = #{record.createTime,jdbcType=TIMESTAMP},
      </if>
      <if test="record.updateTime != null">
        UPDATE_TIME = #{record.updateTime,jdbcType=TIMESTAMP},
      </if>
      <if test="record.createdBy != null">
        CREATED_BY = #{record.createdBy,jdbcType=VARCHAR},
      </if>
      <if test="record.updatedBy != null">
        UPDATED_BY = #{record.updatedBy,jdbcType=VARCHAR},
      </if>
      <if test="record.groupId != null">
        GROUP_ID = #{record.groupId,jdbcType=VARCHAR},
      </if>
    </set>
    <if test="_parameter != null">
      <include refid="Update_By_Example_Where_Clause" />
    </if>
  </update>
  <update id="updateByExample" parameterType="map">
    update PMS_PRODUCT_PIC_URL
    set ID = #{record.id,jdbcType=DECIMAL},
      PRODUCT_ID = #{record.productId,jdbcType=DECIMAL},
      MAIN_FLAG = #{record.mainFlag,jdbcType=DECIMAL},
      PIC_URL = #{record.picUrl,jdbcType=VARCHAR},
      FILE_NAME = #{record.fileName,jdbcType=VARCHAR},
      FILE_SOURCE = #{record.fileSource,jdbcType=VARCHAR},
      CREATE_TIME = #{record.createTime,jdbcType=TIMESTAMP},
      UPDATE_TIME = #{record.updateTime,jdbcType=TIMESTAMP},
      CREATED_BY = #{record.createdBy,jdbcType=VARCHAR},
      UPDATED_BY = #{record.updatedBy,jdbcType=VARCHAR},
      GROUP_ID = #{record.groupId,jdbcType=VARCHAR}
    <if test="_parameter != null">
      <include refid="Update_By_Example_Where_Clause" />
    </if>
  </update>
  <update id="updateByPrimaryKeySelective" parameterType="com.qdbank.mall.model.productpicurl.ProductPicUrlDO">
    update PMS_PRODUCT_PIC_URL
    <set>
      <if test="productId != null">
        PRODUCT_ID = #{productId,jdbcType=DECIMAL},
      </if>
      <if test="mainFlag != null">
        MAIN_FLAG = #{mainFlag,jdbcType=DECIMAL},
      </if>
      <if test="picUrl != null">
        PIC_URL = #{picUrl,jdbcType=VARCHAR},
      </if>
      <if test="fileName != null">
        FILE_NAME = #{fileName,jdbcType=VARCHAR},
      </if>
      <if test="fileSource != null">
        FILE_SOURCE = #{fileSource,jdbcType=VARCHAR},
      </if>
      <if test="createTime != null">
        CREATE_TIME = #{createTime,jdbcType=TIMESTAMP},
      </if>
      <if test="updateTime != null">
        UPDATE_TIME = #{updateTime,jdbcType=TIMESTAMP},
      </if>
      <if test="createdBy != null">
        CREATED_BY = #{createdBy,jdbcType=VARCHAR},
      </if>
      <if test="updatedBy != null">
        UPDATED_BY = #{updatedBy,jdbcType=VARCHAR},
      </if>
      <if test="groupId != null">
        GROUP_ID = #{groupId,jdbcType=VARCHAR},
      </if>
    </set>
    where ID = #{id,jdbcType=DECIMAL}
  </update>
  <update id="updateByPrimaryKey" parameterType="com.qdbank.mall.model.productpicurl.ProductPicUrlDO">
    update PMS_PRODUCT_PIC_URL
    set PRODUCT_ID = #{productId,jdbcType=DECIMAL},
      MAIN_FLAG = #{mainFlag,jdbcType=DECIMAL},
      PIC_URL = #{picUrl,jdbcType=VARCHAR},
      FILE_NAME = #{fileName,jdbcType=VARCHAR},
      FILE_SOURCE = #{fileSource,jdbcType=VARCHAR},
      CREATE_TIME = #{createTime,jdbcType=TIMESTAMP},
      UPDATE_TIME = #{updateTime,jdbcType=TIMESTAMP},
      CREATED_BY = #{createdBy,jdbcType=VARCHAR},
      UPDATED_BY = #{updatedBy,jdbcType=VARCHAR},
      GROUP_ID = #{groupId,jdbcType=VARCHAR}
    where ID = #{id,jdbcType=DECIMAL}
  </update>

  <select id="selectExpirePicUrl" resultMap="BaseResultMap">
    select * from
      PMS_PRODUCT_PIC_URL
    WHERE
      CREATE_TIME  &lt; trunc(sysdate) - 15
    AND
      PRODUCT_ID IS NULL
  </select>

</mapper>