<?xml version="1.0" encoding="UTF-8"?>
<!DOCTYPE mapper PUBLIC "-//mybatis.org//DTD Mapper 3.0//EN" "http://mybatis.org/dtd/mybatis-3-mapper.dtd">
<mapper namespace="com.qdbank.mall.mapper.couponfiledetail.CouponfiledetailDOMapper">
  <resultMap id="BaseResultMap" type="com.qdbank.mall.model.couponfiledetail.CouponfiledetailDO">
    <id column="ID" jdbcType="DECIMAL" property="id" />
    <result column="FILE_NAME" jdbcType="VARCHAR" property="fileName" />
    <result column="BATCH_NO" jdbcType="VARCHAR" property="batchNo" />
    <result column="CUST_NO" jdbcType="VARCHAR" property="custNo" />
    <result column="STATUS" jdbcType="DECIMAL" property="status" />
    <result column="CREATE_TIME" jdbcType="TIMESTAMP" property="createTime" />
    <result column="UPDATE_TIME" jdbcType="TIMESTAMP" property="updateTime" />
  </resultMap>
  <sql id="Example_Where_Clause">
    <where>
      <foreach collection="oredCriteria" item="criteria" separator="or">
        <if test="criteria.valid">
          <trim prefix="(" prefixOverrides="and" suffix=")">
            <foreach collection="criteria.criteria" item="criterion">
              <choose>
                <when test="criterion.noValue">
                  and ${criterion.condition}
                </when>
                <when test="criterion.singleValue">
                  and ${criterion.condition} #{criterion.value}
                </when>
                <when test="criterion.betweenValue">
                  and ${criterion.condition} #{criterion.value} and #{criterion.secondValue}
                </when>
                <when test="criterion.listValue">
                  and ${criterion.condition}
                  <foreach close=")" collection="criterion.value" item="listItem" open="(" separator=",">
                    #{listItem}
                  </foreach>
                </when>
              </choose>
            </foreach>
          </trim>
        </if>
      </foreach>
    </where>
  </sql>
  <sql id="Update_By_Example_Where_Clause">
    <where>
      <foreach collection="example.oredCriteria" item="criteria" separator="or">
        <if test="criteria.valid">
          <trim prefix="(" prefixOverrides="and" suffix=")">
            <foreach collection="criteria.criteria" item="criterion">
              <choose>
                <when test="criterion.noValue">
                  and ${criterion.condition}
                </when>
                <when test="criterion.singleValue">
                  and ${criterion.condition} #{criterion.value}
                </when>
                <when test="criterion.betweenValue">
                  and ${criterion.condition} #{criterion.value} and #{criterion.secondValue}
                </when>
                <when test="criterion.listValue">
                  and ${criterion.condition}
                  <foreach close=")" collection="criterion.value" item="listItem" open="(" separator=",">
                    #{listItem}
                  </foreach>
                </when>
              </choose>
            </foreach>
          </trim>
        </if>
      </foreach>
    </where>
  </sql>
  <sql id="Base_Column_List">
    ID, FILE_NAME, BATCH_NO, CUST_NO, STATUS, CREATE_TIME, UPDATE_TIME
  </sql>
  <select id="selectByExample" parameterType="com.qdbank.mall.model.couponfiledetail.CouponfiledetailDOExample" resultMap="BaseResultMap">
    select
    <if test="distinct">
      distinct
    </if>
    'true' as QUERYID,
    <include refid="Base_Column_List" />
    from SMS_COUPON_FILE_DETAIL
    <if test="_parameter != null">
      <include refid="Example_Where_Clause" />
    </if>
    <if test="orderByClause != null">
      order by ${orderByClause}
    </if>
  </select>
  <select id="selectByPrimaryKey" parameterType="java.lang.Long" resultMap="BaseResultMap">
    select 
    <include refid="Base_Column_List" />
    from SMS_COUPON_FILE_DETAIL
    where ID = #{id,jdbcType=DECIMAL}
  </select>
  <delete id="deleteByPrimaryKey" parameterType="java.lang.Long">
    delete from SMS_COUPON_FILE_DETAIL
    where ID = #{id,jdbcType=DECIMAL}
  </delete>
  <delete id="deleteByExample" parameterType="com.qdbank.mall.model.couponfiledetail.CouponfiledetailDOExample">
    delete from SMS_COUPON_FILE_DETAIL
    <if test="_parameter != null">
      <include refid="Example_Where_Clause" />
    </if>
  </delete>
  <insert id="insert" parameterType="com.qdbank.mall.model.couponfiledetail.CouponfiledetailDO">
    insert into SMS_COUPON_FILE_DETAIL (ID, FILE_NAME, BATCH_NO, 
      CUST_NO, STATUS, CREATE_TIME, 
      UPDATE_TIME)
    values (#{id,jdbcType=DECIMAL}, #{fileName,jdbcType=VARCHAR}, #{batchNo,jdbcType=VARCHAR}, 
      #{custNo,jdbcType=VARCHAR}, #{status,jdbcType=DECIMAL}, #{createTime,jdbcType=TIMESTAMP}, 
      #{updateTime,jdbcType=TIMESTAMP})
  </insert>
  <insert id="insertSelective" parameterType="com.qdbank.mall.model.couponfiledetail.CouponfiledetailDO">
    insert into SMS_COUPON_FILE_DETAIL
    <trim prefix="(" suffix=")" suffixOverrides=",">
      <if test="id != null">
        ID,
      </if>
      <if test="fileName != null">
        FILE_NAME,
      </if>
      <if test="batchNo != null">
        BATCH_NO,
      </if>
      <if test="custNo != null">
        CUST_NO,
      </if>
      <if test="status != null">
        STATUS,
      </if>
      <if test="createTime != null">
        CREATE_TIME,
      </if>
      <if test="updateTime != null">
        UPDATE_TIME,
      </if>
    </trim>
    <trim prefix="values (" suffix=")" suffixOverrides=",">
      <if test="id != null">
        #{id,jdbcType=DECIMAL},
      </if>
      <if test="fileName != null">
        #{fileName,jdbcType=VARCHAR},
      </if>
      <if test="batchNo != null">
        #{batchNo,jdbcType=VARCHAR},
      </if>
      <if test="custNo != null">
        #{custNo,jdbcType=VARCHAR},
      </if>
      <if test="status != null">
        #{status,jdbcType=DECIMAL},
      </if>
      <if test="createTime != null">
        #{createTime,jdbcType=TIMESTAMP},
      </if>
      <if test="updateTime != null">
        #{updateTime,jdbcType=TIMESTAMP},
      </if>
    </trim>
  </insert>
  <select id="countByExample" parameterType="com.qdbank.mall.model.couponfiledetail.CouponfiledetailDOExample" resultType="java.lang.Long">
    select count(*) from SMS_COUPON_FILE_DETAIL
    <if test="_parameter != null">
      <include refid="Example_Where_Clause" />
    </if>
  </select>
  <update id="updateByExampleSelective" parameterType="map">
    update SMS_COUPON_FILE_DETAIL
    <set>
      <if test="record.id != null">
        ID = #{record.id,jdbcType=DECIMAL},
      </if>
      <if test="record.fileName != null">
        FILE_NAME = #{record.fileName,jdbcType=VARCHAR},
      </if>
      <if test="record.batchNo != null">
        BATCH_NO = #{record.batchNo,jdbcType=VARCHAR},
      </if>
      <if test="record.custNo != null">
        CUST_NO = #{record.custNo,jdbcType=VARCHAR},
      </if>
      <if test="record.status != null">
        STATUS = #{record.status,jdbcType=DECIMAL},
      </if>
      <if test="record.createTime != null">
        CREATE_TIME = #{record.createTime,jdbcType=TIMESTAMP},
      </if>
      <if test="record.updateTime != null">
        UPDATE_TIME = #{record.updateTime,jdbcType=TIMESTAMP},
      </if>
    </set>
    <if test="_parameter != null">
      <include refid="Update_By_Example_Where_Clause" />
    </if>
  </update>
  <update id="updateByExample" parameterType="map">
    update SMS_COUPON_FILE_DETAIL
    set ID = #{record.id,jdbcType=DECIMAL},
      FILE_NAME = #{record.fileName,jdbcType=VARCHAR},
      BATCH_NO = #{record.batchNo,jdbcType=VARCHAR},
      CUST_NO = #{record.custNo,jdbcType=VARCHAR},
      STATUS = #{record.status,jdbcType=DECIMAL},
      CREATE_TIME = #{record.createTime,jdbcType=TIMESTAMP},
      UPDATE_TIME = #{record.updateTime,jdbcType=TIMESTAMP}
    <if test="_parameter != null">
      <include refid="Update_By_Example_Where_Clause" />
    </if>
  </update>
  <update id="updateByPrimaryKeySelective" parameterType="com.qdbank.mall.model.couponfiledetail.CouponfiledetailDO">
    update SMS_COUPON_FILE_DETAIL
    <set>
      <if test="fileName != null">
        FILE_NAME = #{fileName,jdbcType=VARCHAR},
      </if>
      <if test="batchNo != null">
        BATCH_NO = #{batchNo,jdbcType=VARCHAR},
      </if>
      <if test="custNo != null">
        CUST_NO = #{custNo,jdbcType=VARCHAR},
      </if>
      <if test="status != null">
        STATUS = #{status,jdbcType=DECIMAL},
      </if>
      <if test="createTime != null">
        CREATE_TIME = #{createTime,jdbcType=TIMESTAMP},
      </if>
      <if test="updateTime != null">
        UPDATE_TIME = #{updateTime,jdbcType=TIMESTAMP},
      </if>
    </set>
    where ID = #{id,jdbcType=DECIMAL}
  </update>
  <update id="updateByPrimaryKey" parameterType="com.qdbank.mall.model.couponfiledetail.CouponfiledetailDO">
    update SMS_COUPON_FILE_DETAIL
    set FILE_NAME = #{fileName,jdbcType=VARCHAR},
      BATCH_NO = #{batchNo,jdbcType=VARCHAR},
      CUST_NO = #{custNo,jdbcType=VARCHAR},
      STATUS = #{status,jdbcType=DECIMAL},
      CREATE_TIME = #{createTime,jdbcType=TIMESTAMP},
      UPDATE_TIME = #{updateTime,jdbcType=TIMESTAMP}
    where ID = #{id,jdbcType=DECIMAL}
  </update>
</mapper>