<?xml version="1.0" encoding="UTF-8"?>
<!DOCTYPE mapper PUBLIC "-//mybatis.org//DTD Mapper 3.0//EN" "http://mybatis.org/dtd/mybatis-3-mapper.dtd">
<mapper namespace="com.qdbank.mall.mapper.center.CenterDOMapper">
  <resultMap id="BaseResultMap" type="com.qdbank.mall.model.center.CenterDO">
    <id column="ID" jdbcType="NUMERIC" property="id" />
    <result column="CONFIGY_TYPE" jdbcType="NUMERIC" property="configyType" />
    <result column="TITLE" jdbcType="VARCHAR" property="title" />
    <result column="STATUS" jdbcType="VARCHAR" property="status" />
    <result column="START_TIME" jdbcType="TIMESTAMP" property="startTime" />
    <result column="END_TIME" jdbcType="TIMESTAMP" property="endTime" />
    <result column="CREATE_TIME" jdbcType="TIMESTAMP" property="createTime" />
    <result column="UPDATE_TIME" jdbcType="TIMESTAMP" property="updateTime" />
    <result column="CREATED_BY" jdbcType="VARCHAR" property="createdBy" />
    <result column="UPDATED_BY" jdbcType="VARCHAR" property="updatedBy" />
    <result column="CONTENT_DETAIL" jdbcType="CLOB" property="contentDetail" />
  </resultMap>
  <resultMap extends="BaseResultMap" id="ResultMapWithBLOBs" type="com.qdbank.mall.model.center.CenterDO">
    <result column="CONTENT_DETAIL" jdbcType="CLOB" property="contentDetail" />
  </resultMap>
  <sql id="Example_Where_Clause">
    <where>
      <foreach collection="oredCriteria" item="criteria" separator="or">
        <if test="criteria.valid">
          <trim prefix="(" prefixOverrides="and" suffix=")">
            <foreach collection="criteria.criteria" item="criterion">
              <choose>
                <when test="criterion.noValue">
                  and ${criterion.condition}
                </when>
                <when test="criterion.singleValue">
                  and ${criterion.condition} #{criterion.value}
                </when>
                <when test="criterion.betweenValue">
                  and ${criterion.condition} #{criterion.value} and #{criterion.secondValue}
                </when>
                <when test="criterion.listValue">
                  and ${criterion.condition}
                  <foreach close=")" collection="criterion.value" item="listItem" open="(" separator=",">
                    #{listItem}
                  </foreach>
                </when>
              </choose>
            </foreach>
          </trim>
        </if>
      </foreach>
    </where>
  </sql>
  <sql id="Update_By_Example_Where_Clause">
    <where>
      <foreach collection="example.oredCriteria" item="criteria" separator="or">
        <if test="criteria.valid">
          <trim prefix="(" prefixOverrides="and" suffix=")">
            <foreach collection="criteria.criteria" item="criterion">
              <choose>
                <when test="criterion.noValue">
                  and ${criterion.condition}
                </when>
                <when test="criterion.singleValue">
                  and ${criterion.condition} #{criterion.value}
                </when>
                <when test="criterion.betweenValue">
                  and ${criterion.condition} #{criterion.value} and #{criterion.secondValue}
                </when>
                <when test="criterion.listValue">
                  and ${criterion.condition}
                  <foreach close=")" collection="criterion.value" item="listItem" open="(" separator=",">
                    #{listItem}
                  </foreach>
                </when>
              </choose>
            </foreach>
          </trim>
        </if>
      </foreach>
    </where>
  </sql>
  <sql id="Base_Column_List">
    ID, CONFIGY_TYPE, TITLE, STATUS, START_TIME, END_TIME, CREATE_TIME, UPDATE_TIME, 
    CREATED_BY, UPDATED_BY,CONTENT_DETAIL
  </sql>
  <sql id="Blob_Column_List">
    CONTENT_DETAIL
  </sql>
  <select id="selectByExampleWithBLOBs" parameterType="com.qdbank.mall.model.center.CenterDOExample" resultMap="ResultMapWithBLOBs">
    select
    <if test="distinct">
      distinct
    </if>
    'true' as QUERYID,
    <include refid="Base_Column_List" />
    ,
    <include refid="Blob_Column_List" />
    from CONFIG_CENTER
    <if test="_parameter != null">
      <include refid="Example_Where_Clause" />
    </if>
    <if test="orderByClause != null">
      order by ${orderByClause}
    </if>
  </select>
  <select id="selectByExample" parameterType="com.qdbank.mall.model.center.CenterDOExample" resultMap="ResultMapWithBLOBs">
    select
    <if test="distinct">
      distinct
    </if>
    'true' as QUERYID,
    <include refid="Base_Column_List" />
    from CONFIG_CENTER
    <if test="_parameter != null">
      <include refid="Example_Where_Clause" />
    </if>
    <if test="orderByClause != null">
      order by ${orderByClause}
    </if>
  </select>
  <select id="selectByPrimaryKey" parameterType="java.lang.Long" resultMap="ResultMapWithBLOBs">
    select 
    <include refid="Base_Column_List" />
    ,
    <include refid="Blob_Column_List" />
    from CONFIG_CENTER
    where ID = #{id,jdbcType=NUMERIC}
  </select>
  <delete id="deleteByPrimaryKey" parameterType="java.math.BigDecimal">
    delete from CONFIG_CENTER
    where ID = #{id,jdbcType=NUMERIC}
  </delete>
  <delete id="deleteByExample" parameterType="com.qdbank.mall.model.center.CenterDOExample">
    delete from CONFIG_CENTER
    <if test="_parameter != null">
      <include refid="Example_Where_Clause" />
    </if>
  </delete>
  <insert id="insert" parameterType="com.qdbank.mall.model.center.CenterDO">
    insert into CONFIG_CENTER (ID, CONFIGY_TYPE, TITLE, 
      STATUS, START_TIME, END_TIME, 
      CREATE_TIME, UPDATE_TIME, CREATED_BY, 
      UPDATED_BY, CONTENT_DETAIL)
    values (#{id,jdbcType=NUMERIC}, #{configyType,jdbcType=NUMERIC}, #{title,jdbcType=VARCHAR}, 
      #{status,jdbcType=VARCHAR}, #{startTime,jdbcType=TIMESTAMP}, #{endTime,jdbcType=TIMESTAMP}, 
      #{createTime,jdbcType=TIMESTAMP}, #{updateTime,jdbcType=TIMESTAMP}, #{createdBy,jdbcType=VARCHAR}, 
      #{updatedBy,jdbcType=VARCHAR}, #{contentDetail,jdbcType=CLOB})
  </insert>
  <insert id="insertSelective" parameterType="com.qdbank.mall.model.center.CenterDO">
    insert into CONFIG_CENTER
    <trim prefix="(" suffix=")" suffixOverrides=",">
      <if test="id != null">
        ID,
      </if>
      <if test="configyType != null">
        CONFIGY_TYPE,
      </if>
      <if test="title != null">
        TITLE,
      </if>
      <if test="status != null">
        STATUS,
      </if>
      <if test="startTime != null">
        START_TIME,
      </if>
      <if test="endTime != null">
        END_TIME,
      </if>
      <if test="createTime != null">
        CREATE_TIME,
      </if>
      <if test="updateTime != null">
        UPDATE_TIME,
      </if>
      <if test="createdBy != null">
        CREATED_BY,
      </if>
      <if test="updatedBy != null">
        UPDATED_BY,
      </if>
      <if test="contentDetail != null">
        CONTENT_DETAIL,
      </if>
    </trim>
    <trim prefix="values (" suffix=")" suffixOverrides=",">
      <if test="id != null">
        #{id,jdbcType=NUMERIC},
      </if>
      <if test="configyType != null">
        #{configyType,jdbcType=NUMERIC},
      </if>
      <if test="title != null">
        #{title,jdbcType=VARCHAR},
      </if>
      <if test="status != null">
        #{status,jdbcType=VARCHAR},
      </if>
      <if test="startTime != null">
        #{startTime,jdbcType=TIMESTAMP},
      </if>
      <if test="endTime != null">
        #{endTime,jdbcType=TIMESTAMP},
      </if>
      <if test="createTime != null">
        #{createTime,jdbcType=TIMESTAMP},
      </if>
      <if test="updateTime != null">
        #{updateTime,jdbcType=TIMESTAMP},
      </if>
      <if test="createdBy != null">
        #{createdBy,jdbcType=VARCHAR},
      </if>
      <if test="updatedBy != null">
        #{updatedBy,jdbcType=VARCHAR},
      </if>
      <if test="contentDetail != null">
        #{contentDetail,jdbcType=CLOB},
      </if>
    </trim>
  </insert>
  <select id="countByExample" parameterType="com.qdbank.mall.model.center.CenterDOExample" resultType="java.lang.Long">
    select count(*) from CONFIG_CENTER
    <if test="_parameter != null">
      <include refid="Example_Where_Clause" />
    </if>
  </select>
  <update id="updateByExampleSelective" parameterType="map">
    update CONFIG_CENTER
    <set>
      <if test="record.id != null">
        ID = #{record.id,jdbcType=NUMERIC},
      </if>
      <if test="record.configyType != null">
        CONFIGY_TYPE = #{record.configyType,jdbcType=NUMERIC},
      </if>
      <if test="record.title != null">
        TITLE = #{record.title,jdbcType=VARCHAR},
      </if>
      <if test="record.status != null">
        STATUS = #{record.status,jdbcType=VARCHAR},
      </if>
      <if test="record.startTime != null">
        START_TIME = #{record.startTime,jdbcType=TIMESTAMP},
      </if>
      <if test="record.endTime != null">
        END_TIME = #{record.endTime,jdbcType=TIMESTAMP},
      </if>
      <if test="record.createTime != null">
        CREATE_TIME = #{record.createTime,jdbcType=TIMESTAMP},
      </if>
      <if test="record.updateTime != null">
        UPDATE_TIME = #{record.updateTime,jdbcType=TIMESTAMP},
      </if>
      <if test="record.createdBy != null">
        CREATED_BY = #{record.createdBy,jdbcType=VARCHAR},
      </if>
      <if test="record.updatedBy != null">
        UPDATED_BY = #{record.updatedBy,jdbcType=VARCHAR},
      </if>
      <if test="record.contentDetail != null">
        CONTENT_DETAIL = #{record.contentDetail,jdbcType=CLOB},
      </if>
    </set>
    <if test="_parameter != null">
      <include refid="Update_By_Example_Where_Clause" />
    </if>
  </update>
  <update id="updateByExampleWithBLOBs" parameterType="map">
    update CONFIG_CENTER
    set ID = #{record.id,jdbcType=NUMERIC},
      CONFIGY_TYPE = #{record.configyType,jdbcType=NUMERIC},
      TITLE = #{record.title,jdbcType=VARCHAR},
      STATUS = #{record.status,jdbcType=VARCHAR},
      START_TIME = #{record.startTime,jdbcType=TIMESTAMP},
      END_TIME = #{record.endTime,jdbcType=TIMESTAMP},
      CREATE_TIME = #{record.createTime,jdbcType=TIMESTAMP},
      UPDATE_TIME = #{record.updateTime,jdbcType=TIMESTAMP},
      CREATED_BY = #{record.createdBy,jdbcType=VARCHAR},
      UPDATED_BY = #{record.updatedBy,jdbcType=VARCHAR},
      CONTENT_DETAIL = #{record.contentDetail,jdbcType=CLOB}
    <if test="_parameter != null">
      <include refid="Update_By_Example_Where_Clause" />
    </if>
  </update>
  <update id="updateByExample" parameterType="map">
    update CONFIG_CENTER
    set ID = #{record.id,jdbcType=NUMERIC},
      CONFIGY_TYPE = #{record.configyType,jdbcType=NUMERIC},
      TITLE = #{record.title,jdbcType=VARCHAR},
      STATUS = #{record.status,jdbcType=VARCHAR},
      START_TIME = #{record.startTime,jdbcType=TIMESTAMP},
      END_TIME = #{record.endTime,jdbcType=TIMESTAMP},
      CREATE_TIME = #{record.createTime,jdbcType=TIMESTAMP},
      UPDATE_TIME = #{record.updateTime,jdbcType=TIMESTAMP},
      CREATED_BY = #{record.createdBy,jdbcType=VARCHAR},
      UPDATED_BY = #{record.updatedBy,jdbcType=VARCHAR}
    <if test="_parameter != null">
      <include refid="Update_By_Example_Where_Clause" />
    </if>
  </update>
  <update id="updateByPrimaryKeySelective" parameterType="com.qdbank.mall.model.center.CenterDO">
    update CONFIG_CENTER
    <set>
      <if test="configyType != null">
        CONFIGY_TYPE = #{configyType,jdbcType=NUMERIC},
      </if>
      <if test="title != null">
        TITLE = #{title,jdbcType=VARCHAR},
      </if>
      <if test="status != null">
        STATUS = #{status,jdbcType=VARCHAR},
      </if>
      <if test="startTime != null">
        START_TIME = #{startTime,jdbcType=TIMESTAMP},
      </if>
      <if test="endTime != null">
        END_TIME = #{endTime,jdbcType=TIMESTAMP},
      </if>
      <if test="createTime != null">
        CREATE_TIME = #{createTime,jdbcType=TIMESTAMP},
      </if>
      <if test="updateTime != null">
        UPDATE_TIME = #{updateTime,jdbcType=TIMESTAMP},
      </if>
      <if test="createdBy != null">
        CREATED_BY = #{createdBy,jdbcType=VARCHAR},
      </if>
      <if test="updatedBy != null">
        UPDATED_BY = #{updatedBy,jdbcType=VARCHAR},
      </if>
      <if test="contentDetail != null">
        CONTENT_DETAIL = #{contentDetail,jdbcType=CLOB},
      </if>
    </set>
    where ID = #{id,jdbcType=NUMERIC}
  </update>
  <update id="updateByPrimaryKeyWithBLOBs" parameterType="com.qdbank.mall.model.center.CenterDO">
    update CONFIG_CENTER
    set CONFIGY_TYPE = #{configyType,jdbcType=NUMERIC},
      TITLE = #{title,jdbcType=VARCHAR},
      STATUS = #{status,jdbcType=VARCHAR},
      START_TIME = #{startTime,jdbcType=TIMESTAMP},
      END_TIME = #{endTime,jdbcType=TIMESTAMP},
      CREATE_TIME = #{createTime,jdbcType=TIMESTAMP},
      UPDATE_TIME = #{updateTime,jdbcType=TIMESTAMP},
      CREATED_BY = #{createdBy,jdbcType=VARCHAR},
      UPDATED_BY = #{updatedBy,jdbcType=VARCHAR},
      CONTENT_DETAIL = #{contentDetail,jdbcType=CLOB}
    where ID = #{id,jdbcType=NUMERIC}
  </update>
  <update id="updateByPrimaryKey" parameterType="com.qdbank.mall.model.center.CenterDO">
    update CONFIG_CENTER
    set CONFIGY_TYPE = #{configyType,jdbcType=NUMERIC},
      TITLE = #{title,jdbcType=VARCHAR},
      STATUS = #{status,jdbcType=VARCHAR},
      START_TIME = #{startTime,jdbcType=TIMESTAMP},
      END_TIME = #{endTime,jdbcType=TIMESTAMP},
      CREATE_TIME = #{createTime,jdbcType=TIMESTAMP},
      UPDATE_TIME = #{updateTime,jdbcType=TIMESTAMP},
      CREATED_BY = #{createdBy,jdbcType=VARCHAR},
      UPDATED_BY = #{updatedBy,jdbcType=VARCHAR}
    where ID = #{id,jdbcType=NUMERIC}
  </update>
</mapper>