<?xml version="1.0" encoding="UTF-8"?>
<!DOCTYPE mapper PUBLIC "-//mybatis.org//DTD Mapper 3.0//EN" "http://mybatis.org/dtd/mybatis-3-mapper.dtd">
<mapper namespace="com.qdbank.mall.mapper.couponwhite.CouponWhiteDOMapper">
  <resultMap id="BaseResultMap" type="com.qdbank.mall.model.couponwhite.CouponWhiteDO">
    <id column="ID" jdbcType="DECIMAL" property="id" />
    <result column="BATCH_NO" jdbcType="VARCHAR" property="batchNo" />
    <result column="FILE_NAME" jdbcType="VARCHAR" property="fileName" />
    <result column="FILE_URL" jdbcType="VARCHAR" property="fileUrl" />
    <result column="COUPON_ID" jdbcType="DECIMAL" property="couponId" />
    <result column="CREATE_TIME" jdbcType="TIMESTAMP" property="createTime" />
    <result column="UPDATE_TIME" jdbcType="TIMESTAMP" property="updateTime" />
    <result column="CREATED_BY" jdbcType="VARCHAR" property="createdBy" />
    <result column="UPDATED_BY" jdbcType="VARCHAR" property="updatedBy" />
  </resultMap>
  <sql id="Example_Where_Clause">
    <where>
      <foreach collection="oredCriteria" item="criteria" separator="or">
        <if test="criteria.valid">
          <trim prefix="(" prefixOverrides="and" suffix=")">
            <foreach collection="criteria.criteria" item="criterion">
              <choose>
                <when test="criterion.noValue">
                  and ${criterion.condition}
                </when>
                <when test="criterion.singleValue">
                  and ${criterion.condition} #{criterion.value}
                </when>
                <when test="criterion.betweenValue">
                  and ${criterion.condition} #{criterion.value} and #{criterion.secondValue}
                </when>
                <when test="criterion.listValue">
                  and ${criterion.condition}
                  <foreach close=")" collection="criterion.value" item="listItem" open="(" separator=",">
                    #{listItem}
                  </foreach>
                </when>
              </choose>
            </foreach>
          </trim>
        </if>
      </foreach>
    </where>
  </sql>
  <sql id="Update_By_Example_Where_Clause">
    <where>
      <foreach collection="example.oredCriteria" item="criteria" separator="or">
        <if test="criteria.valid">
          <trim prefix="(" prefixOverrides="and" suffix=")">
            <foreach collection="criteria.criteria" item="criterion">
              <choose>
                <when test="criterion.noValue">
                  and ${criterion.condition}
                </when>
                <when test="criterion.singleValue">
                  and ${criterion.condition} #{criterion.value}
                </when>
                <when test="criterion.betweenValue">
                  and ${criterion.condition} #{criterion.value} and #{criterion.secondValue}
                </when>
                <when test="criterion.listValue">
                  and ${criterion.condition}
                  <foreach close=")" collection="criterion.value" item="listItem" open="(" separator=",">
                    #{listItem}
                  </foreach>
                </when>
              </choose>
            </foreach>
          </trim>
        </if>
      </foreach>
    </where>
  </sql>
  <sql id="Base_Column_List">
    ID, BATCH_NO, FILE_NAME, FILE_URL, COUPON_ID, CREATE_TIME, UPDATE_TIME, CREATED_BY, 
    UPDATED_BY
  </sql>
  <select id="selectByExample" parameterType="com.qdbank.mall.model.couponwhite.CouponWhiteDOExample" resultMap="BaseResultMap">
    select
    <if test="distinct">
      distinct
    </if>
    'true' as QUERYID,
    <include refid="Base_Column_List" />
    from SMS_COUPON_WHITE
    <if test="_parameter != null">
      <include refid="Example_Where_Clause" />
    </if>
    <if test="orderByClause != null">
      order by ${orderByClause}
    </if>
  </select>
  <select id="selectByPrimaryKey" parameterType="java.lang.Long" resultMap="BaseResultMap">
    select 
    <include refid="Base_Column_List" />
    from SMS_COUPON_WHITE
    where ID = #{id,jdbcType=DECIMAL}
  </select>
  <delete id="deleteByPrimaryKey" parameterType="java.lang.Long">
    delete from SMS_COUPON_WHITE
    where ID = #{id,jdbcType=DECIMAL}
  </delete>
  <delete id="deleteByExample" parameterType="com.qdbank.mall.model.couponwhite.CouponWhiteDOExample">
    delete from SMS_COUPON_WHITE
    <if test="_parameter != null">
      <include refid="Example_Where_Clause" />
    </if>
  </delete>
  <insert id="insert" parameterType="com.qdbank.mall.model.couponwhite.CouponWhiteDO">
    insert into SMS_COUPON_WHITE (ID, BATCH_NO, FILE_NAME, 
      FILE_URL, COUPON_ID, CREATE_TIME, 
      UPDATE_TIME, CREATED_BY, UPDATED_BY
      )
    values (#{id,jdbcType=DECIMAL}, #{batchNo,jdbcType=VARCHAR}, #{fileName,jdbcType=VARCHAR}, 
      #{fileUrl,jdbcType=VARCHAR}, #{couponId,jdbcType=DECIMAL}, #{createTime,jdbcType=TIMESTAMP}, 
      #{updateTime,jdbcType=TIMESTAMP}, #{createdBy,jdbcType=VARCHAR}, #{updatedBy,jdbcType=VARCHAR}
      )
  </insert>
  <insert id="insertSelective" parameterType="com.qdbank.mall.model.couponwhite.CouponWhiteDO">
    insert into SMS_COUPON_WHITE
    <trim prefix="(" suffix=")" suffixOverrides=",">
      <if test="id != null">
        ID,
      </if>
      <if test="batchNo != null">
        BATCH_NO,
      </if>
      <if test="fileName != null">
        FILE_NAME,
      </if>
      <if test="fileUrl != null">
        FILE_URL,
      </if>
      <if test="couponId != null">
        COUPON_ID,
      </if>
      <if test="createTime != null">
        CREATE_TIME,
      </if>
      <if test="updateTime != null">
        UPDATE_TIME,
      </if>
      <if test="createdBy != null">
        CREATED_BY,
      </if>
      <if test="updatedBy != null">
        UPDATED_BY,
      </if>
    </trim>
    <trim prefix="values (" suffix=")" suffixOverrides=",">
      <if test="id != null">
        #{id,jdbcType=DECIMAL},
      </if>
      <if test="batchNo != null">
        #{batchNo,jdbcType=VARCHAR},
      </if>
      <if test="fileName != null">
        #{fileName,jdbcType=VARCHAR},
      </if>
      <if test="fileUrl != null">
        #{fileUrl,jdbcType=VARCHAR},
      </if>
      <if test="couponId != null">
        #{couponId,jdbcType=DECIMAL},
      </if>
      <if test="createTime != null">
        #{createTime,jdbcType=TIMESTAMP},
      </if>
      <if test="updateTime != null">
        #{updateTime,jdbcType=TIMESTAMP},
      </if>
      <if test="createdBy != null">
        #{createdBy,jdbcType=VARCHAR},
      </if>
      <if test="updatedBy != null">
        #{updatedBy,jdbcType=VARCHAR},
      </if>
    </trim>
  </insert>
  <select id="countByExample" parameterType="com.qdbank.mall.model.couponwhite.CouponWhiteDOExample" resultType="java.lang.Long">
    select count(*) from SMS_COUPON_WHITE
    <if test="_parameter != null">
      <include refid="Example_Where_Clause" />
    </if>
  </select>
  <update id="updateByExampleSelective" parameterType="map">
    update SMS_COUPON_WHITE
    <set>
      <if test="record.id != null">
        ID = #{record.id,jdbcType=DECIMAL},
      </if>
      <if test="record.batchNo != null">
        BATCH_NO = #{record.batchNo,jdbcType=VARCHAR},
      </if>
      <if test="record.fileName != null">
        FILE_NAME = #{record.fileName,jdbcType=VARCHAR},
      </if>
      <if test="record.fileUrl != null">
        FILE_URL = #{record.fileUrl,jdbcType=VARCHAR},
      </if>
      <if test="record.couponId != null">
        COUPON_ID = #{record.couponId,jdbcType=DECIMAL},
      </if>
      <if test="record.createTime != null">
        CREATE_TIME = #{record.createTime,jdbcType=TIMESTAMP},
      </if>
      <if test="record.updateTime != null">
        UPDATE_TIME = #{record.updateTime,jdbcType=TIMESTAMP},
      </if>
      <if test="record.createdBy != null">
        CREATED_BY = #{record.createdBy,jdbcType=VARCHAR},
      </if>
      <if test="record.updatedBy != null">
        UPDATED_BY = #{record.updatedBy,jdbcType=VARCHAR},
      </if>
    </set>
    <if test="_parameter != null">
      <include refid="Update_By_Example_Where_Clause" />
    </if>
  </update>
  <update id="updateByExample" parameterType="map">
    update SMS_COUPON_WHITE
    set ID = #{record.id,jdbcType=DECIMAL},
      BATCH_NO = #{record.batchNo,jdbcType=VARCHAR},
      FILE_NAME = #{record.fileName,jdbcType=VARCHAR},
      FILE_URL = #{record.fileUrl,jdbcType=VARCHAR},
      COUPON_ID = #{record.couponId,jdbcType=DECIMAL},
      CREATE_TIME = #{record.createTime,jdbcType=TIMESTAMP},
      UPDATE_TIME = #{record.updateTime,jdbcType=TIMESTAMP},
      CREATED_BY = #{record.createdBy,jdbcType=VARCHAR},
      UPDATED_BY = #{record.updatedBy,jdbcType=VARCHAR}
    <if test="_parameter != null">
      <include refid="Update_By_Example_Where_Clause" />
    </if>
  </update>
  <update id="updateByPrimaryKeySelective" parameterType="com.qdbank.mall.model.couponwhite.CouponWhiteDO">
    update SMS_COUPON_WHITE
    <set>
      <if test="batchNo != null">
        BATCH_NO = #{batchNo,jdbcType=VARCHAR},
      </if>
      <if test="fileName != null">
        FILE_NAME = #{fileName,jdbcType=VARCHAR},
      </if>
      <if test="fileUrl != null">
        FILE_URL = #{fileUrl,jdbcType=VARCHAR},
      </if>
      <if test="couponId != null">
        COUPON_ID = #{couponId,jdbcType=DECIMAL},
      </if>
      <if test="createTime != null">
        CREATE_TIME = #{createTime,jdbcType=TIMESTAMP},
      </if>
      <if test="updateTime != null">
        UPDATE_TIME = #{updateTime,jdbcType=TIMESTAMP},
      </if>
      <if test="createdBy != null">
        CREATED_BY = #{createdBy,jdbcType=VARCHAR},
      </if>
      <if test="updatedBy != null">
        UPDATED_BY = #{updatedBy,jdbcType=VARCHAR},
      </if>
    </set>
    where ID = #{id,jdbcType=DECIMAL}
  </update>
  <update id="updateByPrimaryKey" parameterType="com.qdbank.mall.model.couponwhite.CouponWhiteDO">
    update SMS_COUPON_WHITE
    set BATCH_NO = #{batchNo,jdbcType=VARCHAR},
      FILE_NAME = #{fileName,jdbcType=VARCHAR},
      FILE_URL = #{fileUrl,jdbcType=VARCHAR},
      COUPON_ID = #{couponId,jdbcType=DECIMAL},
      CREATE_TIME = #{createTime,jdbcType=TIMESTAMP},
      UPDATE_TIME = #{updateTime,jdbcType=TIMESTAMP},
      CREATED_BY = #{createdBy,jdbcType=VARCHAR},
      UPDATED_BY = #{updatedBy,jdbcType=VARCHAR}
    where ID = #{id,jdbcType=DECIMAL}
  </update>
</mapper>