<?xml version="1.0" encoding="UTF-8"?>
<!DOCTYPE mapper PUBLIC "-//mybatis.org//DTD Mapper 3.0//EN" "http://mybatis.org/dtd/mybatis-3-mapper.dtd">
<mapper namespace="com.qdbank.mall.mapper.couponrecord.CouponrecordDOMapper">
  <resultMap id="BaseResultMap" type="com.qdbank.mall.model.couponrecord.CouponrecordDO">
    <id column="ID" jdbcType="DECIMAL" property="id" />
    <result column="ORDER_ID" jdbcType="DECIMAL" property="orderId" />
    <result column="CUST_NO" jdbcType="VARCHAR" property="custNo" />
    <result column="INTEGRAL_COUPON_ID" jdbcType="DECIMAL" property="integralCouponId" />
    <result column="COUPON_VALUE" jdbcType="DECIMAL" property="couponValue" />
    <result column="COUPON_PRICE" jdbcType="DECIMAL" property="couponPrice" />
    <result column="EXPIRE_DATE" jdbcType="DECIMAL" property="expireDate" />
    <result column="COUPON_NAME" jdbcType="VARCHAR" property="couponName" />
    <result column="STATUS" jdbcType="DECIMAL" property="status" />
    <result column="CREATE_TIME" jdbcType="TIMESTAMP" property="createTime" />
    <result column="UPDATE_TIME" jdbcType="TIMESTAMP" property="updateTime" />
  </resultMap>
  <sql id="Example_Where_Clause">
    <where>
      <foreach collection="oredCriteria" item="criteria" separator="or">
        <if test="criteria.valid">
          <trim prefix="(" prefixOverrides="and" suffix=")">
            <foreach collection="criteria.criteria" item="criterion">
              <choose>
                <when test="criterion.noValue">
                  and ${criterion.condition}
                </when>
                <when test="criterion.singleValue">
                  and ${criterion.condition} #{criterion.value}
                </when>
                <when test="criterion.betweenValue">
                  and ${criterion.condition} #{criterion.value} and #{criterion.secondValue}
                </when>
                <when test="criterion.listValue">
                  and ${criterion.condition}
                  <foreach close=")" collection="criterion.value" item="listItem" open="(" separator=",">
                    #{listItem}
                  </foreach>
                </when>
              </choose>
            </foreach>
          </trim>
        </if>
      </foreach>
    </where>
  </sql>
  <sql id="Update_By_Example_Where_Clause">
    <where>
      <foreach collection="example.oredCriteria" item="criteria" separator="or">
        <if test="criteria.valid">
          <trim prefix="(" prefixOverrides="and" suffix=")">
            <foreach collection="criteria.criteria" item="criterion">
              <choose>
                <when test="criterion.noValue">
                  and ${criterion.condition}
                </when>
                <when test="criterion.singleValue">
                  and ${criterion.condition} #{criterion.value}
                </when>
                <when test="criterion.betweenValue">
                  and ${criterion.condition} #{criterion.value} and #{criterion.secondValue}
                </when>
                <when test="criterion.listValue">
                  and ${criterion.condition}
                  <foreach close=")" collection="criterion.value" item="listItem" open="(" separator=",">
                    #{listItem}
                  </foreach>
                </when>
              </choose>
            </foreach>
          </trim>
        </if>
      </foreach>
    </where>
  </sql>
  <sql id="Base_Column_List">
    ID, ORDER_ID, CUST_NO, INTEGRAL_COUPON_ID, COUPON_VALUE, COUPON_PRICE, EXPIRE_DATE, 
    COUPON_NAME, STATUS, CREATE_TIME, UPDATE_TIME
  </sql>
  <select id="selectByExample" parameterType="com.qdbank.mall.model.couponrecord.CouponrecordDOExample" resultMap="BaseResultMap">
    select
    <if test="distinct">
      distinct
    </if>
    'true' as QUERYID,
    <include refid="Base_Column_List" />
    from SMS_INTEGRAL_COUPON_RECORD
    <if test="_parameter != null">
      <include refid="Example_Where_Clause" />
    </if>
    <if test="orderByClause != null">
      order by ${orderByClause}
    </if>
  </select>
  <select id="selectByPrimaryKey" parameterType="java.lang.Long" resultMap="BaseResultMap">
    select 
    <include refid="Base_Column_List" />
    from SMS_INTEGRAL_COUPON_RECORD
    where ID = #{id,jdbcType=DECIMAL}
  </select>
  <delete id="deleteByPrimaryKey" parameterType="java.lang.Long">
    delete from SMS_INTEGRAL_COUPON_RECORD
    where ID = #{id,jdbcType=DECIMAL}
  </delete>
  <delete id="deleteByExample" parameterType="com.qdbank.mall.model.couponrecord.CouponrecordDOExample">
    delete from SMS_INTEGRAL_COUPON_RECORD
    <if test="_parameter != null">
      <include refid="Example_Where_Clause" />
    </if>
  </delete>
  <insert id="insert" parameterType="com.qdbank.mall.model.couponrecord.CouponrecordDO">
    insert into SMS_INTEGRAL_COUPON_RECORD (ID, ORDER_ID, CUST_NO, 
      INTEGRAL_COUPON_ID, COUPON_VALUE, COUPON_PRICE, 
      EXPIRE_DATE, COUPON_NAME, STATUS, 
      CREATE_TIME, UPDATE_TIME)
    values (#{id,jdbcType=DECIMAL}, #{orderId,jdbcType=DECIMAL}, #{custNo,jdbcType=VARCHAR}, 
      #{integralCouponId,jdbcType=DECIMAL}, #{couponValue,jdbcType=DECIMAL}, #{couponPrice,jdbcType=DECIMAL}, 
      #{expireDate,jdbcType=DECIMAL}, #{couponName,jdbcType=VARCHAR}, #{status,jdbcType=DECIMAL}, 
      #{createTime,jdbcType=TIMESTAMP}, #{updateTime,jdbcType=TIMESTAMP})
  </insert>
  <insert id="insertSelective" parameterType="com.qdbank.mall.model.couponrecord.CouponrecordDO">
    insert into SMS_INTEGRAL_COUPON_RECORD
    <trim prefix="(" suffix=")" suffixOverrides=",">
      <if test="id != null">
        ID,
      </if>
      <if test="orderId != null">
        ORDER_ID,
      </if>
      <if test="custNo != null">
        CUST_NO,
      </if>
      <if test="integralCouponId != null">
        INTEGRAL_COUPON_ID,
      </if>
      <if test="couponValue != null">
        COUPON_VALUE,
      </if>
      <if test="couponPrice != null">
        COUPON_PRICE,
      </if>
      <if test="expireDate != null">
        EXPIRE_DATE,
      </if>
      <if test="couponName != null">
        COUPON_NAME,
      </if>
      <if test="status != null">
        STATUS,
      </if>
      <if test="createTime != null">
        CREATE_TIME,
      </if>
      <if test="updateTime != null">
        UPDATE_TIME,
      </if>
    </trim>
    <trim prefix="values (" suffix=")" suffixOverrides=",">
      <if test="id != null">
        #{id,jdbcType=DECIMAL},
      </if>
      <if test="orderId != null">
        #{orderId,jdbcType=DECIMAL},
      </if>
      <if test="custNo != null">
        #{custNo,jdbcType=VARCHAR},
      </if>
      <if test="integralCouponId != null">
        #{integralCouponId,jdbcType=DECIMAL},
      </if>
      <if test="couponValue != null">
        #{couponValue,jdbcType=DECIMAL},
      </if>
      <if test="couponPrice != null">
        #{couponPrice,jdbcType=DECIMAL},
      </if>
      <if test="expireDate != null">
        #{expireDate,jdbcType=DECIMAL},
      </if>
      <if test="couponName != null">
        #{couponName,jdbcType=VARCHAR},
      </if>
      <if test="status != null">
        #{status,jdbcType=DECIMAL},
      </if>
      <if test="createTime != null">
        #{createTime,jdbcType=TIMESTAMP},
      </if>
      <if test="updateTime != null">
        #{updateTime,jdbcType=TIMESTAMP},
      </if>
    </trim>
  </insert>
  <select id="countByExample" parameterType="com.qdbank.mall.model.couponrecord.CouponrecordDOExample" resultType="java.lang.Long">
    select count(*) from SMS_INTEGRAL_COUPON_RECORD
    <if test="_parameter != null">
      <include refid="Example_Where_Clause" />
    </if>
  </select>
  <update id="updateByExampleSelective" parameterType="map">
    update SMS_INTEGRAL_COUPON_RECORD
    <set>
      <if test="record.id != null">
        ID = #{record.id,jdbcType=DECIMAL},
      </if>
      <if test="record.orderId != null">
        ORDER_ID = #{record.orderId,jdbcType=DECIMAL},
      </if>
      <if test="record.custNo != null">
        CUST_NO = #{record.custNo,jdbcType=VARCHAR},
      </if>
      <if test="record.integralCouponId != null">
        INTEGRAL_COUPON_ID = #{record.integralCouponId,jdbcType=DECIMAL},
      </if>
      <if test="record.couponValue != null">
        COUPON_VALUE = #{record.couponValue,jdbcType=DECIMAL},
      </if>
      <if test="record.couponPrice != null">
        COUPON_PRICE = #{record.couponPrice,jdbcType=DECIMAL},
      </if>
      <if test="record.expireDate != null">
        EXPIRE_DATE = #{record.expireDate,jdbcType=DECIMAL},
      </if>
      <if test="record.couponName != null">
        COUPON_NAME = #{record.couponName,jdbcType=VARCHAR},
      </if>
      <if test="record.status != null">
        STATUS = #{record.status,jdbcType=DECIMAL},
      </if>
      <if test="record.createTime != null">
        CREATE_TIME = #{record.createTime,jdbcType=TIMESTAMP},
      </if>
      <if test="record.updateTime != null">
        UPDATE_TIME = #{record.updateTime,jdbcType=TIMESTAMP},
      </if>
    </set>
    <if test="_parameter != null">
      <include refid="Update_By_Example_Where_Clause" />
    </if>
  </update>
  <update id="updateByExample" parameterType="map">
    update SMS_INTEGRAL_COUPON_RECORD
    set ID = #{record.id,jdbcType=DECIMAL},
      ORDER_ID = #{record.orderId,jdbcType=DECIMAL},
      CUST_NO = #{record.custNo,jdbcType=VARCHAR},
      INTEGRAL_COUPON_ID = #{record.integralCouponId,jdbcType=DECIMAL},
      COUPON_VALUE = #{record.couponValue,jdbcType=DECIMAL},
      COUPON_PRICE = #{record.couponPrice,jdbcType=DECIMAL},
      EXPIRE_DATE = #{record.expireDate,jdbcType=DECIMAL},
      COUPON_NAME = #{record.couponName,jdbcType=VARCHAR},
      STATUS = #{record.status,jdbcType=DECIMAL},
      CREATE_TIME = #{record.createTime,jdbcType=TIMESTAMP},
      UPDATE_TIME = #{record.updateTime,jdbcType=TIMESTAMP}
    <if test="_parameter != null">
      <include refid="Update_By_Example_Where_Clause" />
    </if>
  </update>
  <update id="updateByPrimaryKeySelective" parameterType="com.qdbank.mall.model.couponrecord.CouponrecordDO">
    update SMS_INTEGRAL_COUPON_RECORD
    <set>
      <if test="orderId != null">
        ORDER_ID = #{orderId,jdbcType=DECIMAL},
      </if>
      <if test="custNo != null">
        CUST_NO = #{custNo,jdbcType=VARCHAR},
      </if>
      <if test="integralCouponId != null">
        INTEGRAL_COUPON_ID = #{integralCouponId,jdbcType=DECIMAL},
      </if>
      <if test="couponValue != null">
        COUPON_VALUE = #{couponValue,jdbcType=DECIMAL},
      </if>
      <if test="couponPrice != null">
        COUPON_PRICE = #{couponPrice,jdbcType=DECIMAL},
      </if>
      <if test="expireDate != null">
        EXPIRE_DATE = #{expireDate,jdbcType=DECIMAL},
      </if>
      <if test="couponName != null">
        COUPON_NAME = #{couponName,jdbcType=VARCHAR},
      </if>
      <if test="status != null">
        STATUS = #{status,jdbcType=DECIMAL},
      </if>
      <if test="createTime != null">
        CREATE_TIME = #{createTime,jdbcType=TIMESTAMP},
      </if>
      <if test="updateTime != null">
        UPDATE_TIME = #{updateTime,jdbcType=TIMESTAMP},
      </if>
    </set>
    where ID = #{id,jdbcType=DECIMAL}
  </update>
  <update id="updateByPrimaryKey" parameterType="com.qdbank.mall.model.couponrecord.CouponrecordDO">
    update SMS_INTEGRAL_COUPON_RECORD
    set ORDER_ID = #{orderId,jdbcType=DECIMAL},
      CUST_NO = #{custNo,jdbcType=VARCHAR},
      INTEGRAL_COUPON_ID = #{integralCouponId,jdbcType=DECIMAL},
      COUPON_VALUE = #{couponValue,jdbcType=DECIMAL},
      COUPON_PRICE = #{couponPrice,jdbcType=DECIMAL},
      EXPIRE_DATE = #{expireDate,jdbcType=DECIMAL},
      COUPON_NAME = #{couponName,jdbcType=VARCHAR},
      STATUS = #{status,jdbcType=DECIMAL},
      CREATE_TIME = #{createTime,jdbcType=TIMESTAMP},
      UPDATE_TIME = #{updateTime,jdbcType=TIMESTAMP}
    where ID = #{id,jdbcType=DECIMAL}
  </update>
</mapper>