<?xml version="1.0" encoding="UTF-8"?>
<!DOCTYPE mapper PUBLIC "-//mybatis.org//DTD Mapper 3.0//EN" "http://mybatis.org/dtd/mybatis-3-mapper.dtd">
<mapper namespace="com.qdbank.mall.mapper.send.SendReturnDOMapper">
  <resultMap id="BaseResultMap" type="com.qdbank.mall.model.send.SendReturnDO">
    <id column="ID" jdbcType="NUMERIC" property="id" />
    <result column="ORDER_SN" jdbcType="VARCHAR" property="orderSn" />
    <result column="DELIVERY_COMPANY_NAME" jdbcType="VARCHAR" property="deliveryCompanyName" />
    <result column="DELIVERY_SN" jdbcType="VARCHAR" property="deliverySn" />
    <result column="RETURN_REASON" jdbcType="VARCHAR" property="returnReason" />
    <result column="CREATE_TIME" jdbcType="TIMESTAMP" property="createTime" />
    <result column="UPDATE_TIME" jdbcType="TIMESTAMP" property="updateTime" />
    <result column="RETURN_STATUS" jdbcType="NUMERIC" property="returnStatus" />
  </resultMap>
  <sql id="Example_Where_Clause">
    <where>
      <foreach collection="oredCriteria" item="criteria" separator="or">
        <if test="criteria.valid">
          <trim prefix="(" prefixOverrides="and" suffix=")">
            <foreach collection="criteria.criteria" item="criterion">
              <choose>
                <when test="criterion.noValue">
                  and ${criterion.condition}
                </when>
                <when test="criterion.singleValue">
                  and ${criterion.condition} #{criterion.value}
                </when>
                <when test="criterion.betweenValue">
                  and ${criterion.condition} #{criterion.value} and #{criterion.secondValue}
                </when>
                <when test="criterion.listValue">
                  and ${criterion.condition}
                  <foreach close=")" collection="criterion.value" item="listItem" open="(" separator=",">
                    #{listItem}
                  </foreach>
                </when>
              </choose>
            </foreach>
          </trim>
        </if>
      </foreach>
    </where>
  </sql>
  <sql id="Update_By_Example_Where_Clause">
    <where>
      <foreach collection="example.oredCriteria" item="criteria" separator="or">
        <if test="criteria.valid">
          <trim prefix="(" prefixOverrides="and" suffix=")">
            <foreach collection="criteria.criteria" item="criterion">
              <choose>
                <when test="criterion.noValue">
                  and ${criterion.condition}
                </when>
                <when test="criterion.singleValue">
                  and ${criterion.condition} #{criterion.value}
                </when>
                <when test="criterion.betweenValue">
                  and ${criterion.condition} #{criterion.value} and #{criterion.secondValue}
                </when>
                <when test="criterion.listValue">
                  and ${criterion.condition}
                  <foreach close=")" collection="criterion.value" item="listItem" open="(" separator=",">
                    #{listItem}
                  </foreach>
                </when>
              </choose>
            </foreach>
          </trim>
        </if>
      </foreach>
    </where>
  </sql>
  <sql id="Base_Column_List">
    ID, ORDER_SN, DELIVERY_COMPANY_NAME, DELIVERY_SN, RETURN_REASON, CREATE_TIME, UPDATE_TIME, 
    RETURN_STATUS
  </sql>
  <select id="selectByExample" parameterType="com.qdbank.mall.model.send.SendReturnDOExample" resultMap="BaseResultMap">
    select
    <if test="distinct">
      distinct
    </if>
    'true' as QUERYID,
    <include refid="Base_Column_List" />
    from OMS_SEND_RETURN
    <if test="_parameter != null">
      <include refid="Example_Where_Clause" />
    </if>
    <if test="orderByClause != null">
      order by ${orderByClause}
    </if>
  </select>
  <select id="selectByPrimaryKey" parameterType="java.math.BigDecimal" resultMap="BaseResultMap">
    select 
    <include refid="Base_Column_List" />
    from OMS_SEND_RETURN
    where ID = #{id,jdbcType=NUMERIC}
  </select>
  <delete id="deleteByPrimaryKey" parameterType="java.math.BigDecimal">
    delete from OMS_SEND_RETURN
    where ID = #{id,jdbcType=NUMERIC}
  </delete>
  <delete id="deleteByExample" parameterType="com.qdbank.mall.model.send.SendReturnDOExample">
    delete from OMS_SEND_RETURN
    <if test="_parameter != null">
      <include refid="Example_Where_Clause" />
    </if>
  </delete>
  <insert id="insert" parameterType="com.qdbank.mall.model.send.SendReturnDO">
    insert into OMS_SEND_RETURN (ID, ORDER_SN, DELIVERY_COMPANY_NAME, 
      DELIVERY_SN, RETURN_REASON, CREATE_TIME, 
      UPDATE_TIME, RETURN_STATUS)
    values (#{id,jdbcType=NUMERIC}, #{orderSn,jdbcType=VARCHAR}, #{deliveryCompanyName,jdbcType=VARCHAR}, 
      #{deliverySn,jdbcType=VARCHAR}, #{returnReason,jdbcType=VARCHAR}, #{createTime,jdbcType=TIMESTAMP}, 
      #{updateTime,jdbcType=TIMESTAMP}, #{returnStatus,jdbcType=NUMERIC})
  </insert>
  <insert id="insertSelective" parameterType="com.qdbank.mall.model.send.SendReturnDO">
    insert into OMS_SEND_RETURN
    <trim prefix="(" suffix=")" suffixOverrides=",">
      <if test="id != null">
        ID,
      </if>
      <if test="orderSn != null">
        ORDER_SN,
      </if>
      <if test="deliveryCompanyName != null">
        DELIVERY_COMPANY_NAME,
      </if>
      <if test="deliverySn != null">
        DELIVERY_SN,
      </if>
      <if test="returnReason != null">
        RETURN_REASON,
      </if>
      <if test="createTime != null">
        CREATE_TIME,
      </if>
      <if test="updateTime != null">
        UPDATE_TIME,
      </if>
      <if test="returnStatus != null">
        RETURN_STATUS,
      </if>
    </trim>
    <trim prefix="values (" suffix=")" suffixOverrides=",">
      <if test="id != null">
        #{id,jdbcType=NUMERIC},
      </if>
      <if test="orderSn != null">
        #{orderSn,jdbcType=VARCHAR},
      </if>
      <if test="deliveryCompanyName != null">
        #{deliveryCompanyName,jdbcType=VARCHAR},
      </if>
      <if test="deliverySn != null">
        #{deliverySn,jdbcType=VARCHAR},
      </if>
      <if test="returnReason != null">
        #{returnReason,jdbcType=VARCHAR},
      </if>
      <if test="createTime != null">
        #{createTime,jdbcType=TIMESTAMP},
      </if>
      <if test="updateTime != null">
        #{updateTime,jdbcType=TIMESTAMP},
      </if>
      <if test="returnStatus != null">
        #{returnStatus,jdbcType=NUMERIC},
      </if>
    </trim>
  </insert>
  <select id="countByExample" parameterType="com.qdbank.mall.model.send.SendReturnDOExample" resultType="java.lang.Long">
    select count(*) from OMS_SEND_RETURN
    <if test="_parameter != null">
      <include refid="Example_Where_Clause" />
    </if>
  </select>
  <update id="updateByExampleSelective" parameterType="map">
    update OMS_SEND_RETURN
    <set>
      <if test="record.id != null">
        ID = #{record.id,jdbcType=NUMERIC},
      </if>
      <if test="record.orderSn != null">
        ORDER_SN = #{record.orderSn,jdbcType=VARCHAR},
      </if>
      <if test="record.deliveryCompanyName != null">
        DELIVERY_COMPANY_NAME = #{record.deliveryCompanyName,jdbcType=VARCHAR},
      </if>
      <if test="record.deliverySn != null">
        DELIVERY_SN = #{record.deliverySn,jdbcType=VARCHAR},
      </if>
      <if test="record.returnReason != null">
        RETURN_REASON = #{record.returnReason,jdbcType=VARCHAR},
      </if>
      <if test="record.createTime != null">
        CREATE_TIME = #{record.createTime,jdbcType=TIMESTAMP},
      </if>
      <if test="record.updateTime != null">
        UPDATE_TIME = #{record.updateTime,jdbcType=TIMESTAMP},
      </if>
      <if test="record.returnStatus != null">
        RETURN_STATUS = #{record.returnStatus,jdbcType=NUMERIC},
      </if>
    </set>
    <if test="_parameter != null">
      <include refid="Update_By_Example_Where_Clause" />
    </if>
  </update>
  <update id="updateByExample" parameterType="map">
    update OMS_SEND_RETURN
    set ID = #{record.id,jdbcType=NUMERIC},
      ORDER_SN = #{record.orderSn,jdbcType=VARCHAR},
      DELIVERY_COMPANY_NAME = #{record.deliveryCompanyName,jdbcType=VARCHAR},
      DELIVERY_SN = #{record.deliverySn,jdbcType=VARCHAR},
      RETURN_REASON = #{record.returnReason,jdbcType=VARCHAR},
      CREATE_TIME = #{record.createTime,jdbcType=TIMESTAMP},
      UPDATE_TIME = #{record.updateTime,jdbcType=TIMESTAMP},
      RETURN_STATUS = #{record.returnStatus,jdbcType=NUMERIC}
    <if test="_parameter != null">
      <include refid="Update_By_Example_Where_Clause" />
    </if>
  </update>
  <update id="updateByPrimaryKeySelective" parameterType="com.qdbank.mall.model.send.SendReturnDO">
    update OMS_SEND_RETURN
    <set>
      <if test="orderSn != null">
        ORDER_SN = #{orderSn,jdbcType=VARCHAR},
      </if>
      <if test="deliveryCompanyName != null">
        DELIVERY_COMPANY_NAME = #{deliveryCompanyName,jdbcType=VARCHAR},
      </if>
      <if test="deliverySn != null">
        DELIVERY_SN = #{deliverySn,jdbcType=VARCHAR},
      </if>
      <if test="returnReason != null">
        RETURN_REASON = #{returnReason,jdbcType=VARCHAR},
      </if>
      <if test="createTime != null">
        CREATE_TIME = #{createTime,jdbcType=TIMESTAMP},
      </if>
      <if test="updateTime != null">
        UPDATE_TIME = #{updateTime,jdbcType=TIMESTAMP},
      </if>
      <if test="returnStatus != null">
        RETURN_STATUS = #{returnStatus,jdbcType=NUMERIC},
      </if>
    </set>
    where ID = #{id,jdbcType=NUMERIC}
  </update>
  <update id="updateByPrimaryKey" parameterType="com.qdbank.mall.model.send.SendReturnDO">
    update OMS_SEND_RETURN
    set ORDER_SN = #{orderSn,jdbcType=VARCHAR},
      DELIVERY_COMPANY_NAME = #{deliveryCompanyName,jdbcType=VARCHAR},
      DELIVERY_SN = #{deliverySn,jdbcType=VARCHAR},
      RETURN_REASON = #{returnReason,jdbcType=VARCHAR},
      CREATE_TIME = #{createTime,jdbcType=TIMESTAMP},
      UPDATE_TIME = #{updateTime,jdbcType=TIMESTAMP},
      RETURN_STATUS = #{returnStatus,jdbcType=NUMERIC}
    where ID = #{id,jdbcType=NUMERIC}
  </update>
</mapper>