<?xml version="1.0" encoding="UTF-8"?>
<!DOCTYPE mapper PUBLIC "-//mybatis.org//DTD Mapper 3.0//EN" "http://mybatis.org/dtd/mybatis-3-mapper.dtd">
<mapper namespace="com.qdbank.mall.mapper.area.AreaDOMapper">
  <resultMap id="BaseResultMap" type="com.qdbank.mall.model.area.AreaDO">
    <id column="ID" jdbcType="DECIMAL" property="id" />
    <result column="ADDRESS_NAME" jdbcType="VARCHAR" property="addressName" />
    <result column="PARENT_ID" jdbcType="DECIMAL" property="parentId" />
    <result column="VIEW_ORDER" jdbcType="DECIMAL" property="viewOrder" />
  </resultMap>
  <sql id="Example_Where_Clause">
    <where>
      <foreach collection="oredCriteria" item="criteria" separator="or">
        <if test="criteria.valid">
          <trim prefix="(" prefixOverrides="and" suffix=")">
            <foreach collection="criteria.criteria" item="criterion">
              <choose>
                <when test="criterion.noValue">
                  and ${criterion.condition}
                </when>
                <when test="criterion.singleValue">
                  and ${criterion.condition} #{criterion.value}
                </when>
                <when test="criterion.betweenValue">
                  and ${criterion.condition} #{criterion.value} and #{criterion.secondValue}
                </when>
                <when test="criterion.listValue">
                  and ${criterion.condition}
                  <foreach close=")" collection="criterion.value" item="listItem" open="(" separator=",">
                    #{listItem}
                  </foreach>
                </when>
              </choose>
            </foreach>
          </trim>
        </if>
      </foreach>
    </where>
  </sql>
  <sql id="Update_By_Example_Where_Clause">
    <where>
      <foreach collection="example.oredCriteria" item="criteria" separator="or">
        <if test="criteria.valid">
          <trim prefix="(" prefixOverrides="and" suffix=")">
            <foreach collection="criteria.criteria" item="criterion">
              <choose>
                <when test="criterion.noValue">
                  and ${criterion.condition}
                </when>
                <when test="criterion.singleValue">
                  and ${criterion.condition} #{criterion.value}
                </when>
                <when test="criterion.betweenValue">
                  and ${criterion.condition} #{criterion.value} and #{criterion.secondValue}
                </when>
                <when test="criterion.listValue">
                  and ${criterion.condition}
                  <foreach close=")" collection="criterion.value" item="listItem" open="(" separator=",">
                    #{listItem}
                  </foreach>
                </when>
              </choose>
            </foreach>
          </trim>
        </if>
      </foreach>
    </where>
  </sql>
  <sql id="Base_Column_List">
    ID, ADDRESS_NAME, PARENT_ID, VIEW_ORDER
  </sql>
  <select id="selectByExample" parameterType="com.qdbank.mall.model.area.AreaDOExample" resultMap="BaseResultMap">
    select
    <if test="distinct">
      distinct
    </if>
    'true' as QUERYID,
    <include refid="Base_Column_List" />
    from UMS_ADDRESS
    <if test="_parameter != null">
      <include refid="Example_Where_Clause" />
    </if>
    <if test="orderByClause != null">
      order by ${orderByClause}
    </if>
  </select>
  <select id="selectByPrimaryKey" parameterType="java.lang.Long" resultMap="BaseResultMap">
    select 
    <include refid="Base_Column_List" />
    from UMS_ADDRESS
    where ID = #{id,jdbcType=DECIMAL}
  </select>

  <select id="selectProvince" resultMap="BaseResultMap">
    select
    <include refid="Base_Column_List" />
    from UMS_ADDRESS
    where PARENT_ID = 0
  </select>
  <delete id="deleteByPrimaryKey" parameterType="java.lang.Long">
    delete from UMS_ADDRESS
    where ID = #{id,jdbcType=DECIMAL}
  </delete>
  <delete id="deleteByExample" parameterType="com.qdbank.mall.model.area.AreaDOExample">
    delete from UMS_ADDRESS
    <if test="_parameter != null">
      <include refid="Example_Where_Clause" />
    </if>
  </delete>
  <insert id="insert" parameterType="com.qdbank.mall.model.area.AreaDO">
    insert into UMS_ADDRESS (ID, ADDRESS_NAME, PARENT_ID, 
      VIEW_ORDER)
    values (#{id,jdbcType=DECIMAL}, #{addressName,jdbcType=VARCHAR}, #{parentId,jdbcType=DECIMAL}, 
      #{viewOrder,jdbcType=DECIMAL})
  </insert>
  <insert id="insertSelective" parameterType="com.qdbank.mall.model.area.AreaDO">
    insert into UMS_ADDRESS
    <trim prefix="(" suffix=")" suffixOverrides=",">
      <if test="id != null">
        ID,
      </if>
      <if test="addressName != null">
        ADDRESS_NAME,
      </if>
      <if test="parentId != null">
        PARENT_ID,
      </if>
      <if test="viewOrder != null">
        VIEW_ORDER,
      </if>
    </trim>
    <trim prefix="values (" suffix=")" suffixOverrides=",">
      <if test="id != null">
        #{id,jdbcType=DECIMAL},
      </if>
      <if test="addressName != null">
        #{addressName,jdbcType=VARCHAR},
      </if>
      <if test="parentId != null">
        #{parentId,jdbcType=DECIMAL},
      </if>
      <if test="viewOrder != null">
        #{viewOrder,jdbcType=DECIMAL},
      </if>
    </trim>
  </insert>
  <select id="countByExample" parameterType="com.qdbank.mall.model.area.AreaDOExample" resultType="java.lang.Long">
    select count(*) from UMS_ADDRESS
    <if test="_parameter != null">
      <include refid="Example_Where_Clause" />
    </if>
  </select>
  <update id="updateByExampleSelective" parameterType="map">
    update UMS_ADDRESS
    <set>
      <if test="record.id != null">
        ID = #{record.id,jdbcType=DECIMAL},
      </if>
      <if test="record.addressName != null">
        ADDRESS_NAME = #{record.addressName,jdbcType=VARCHAR},
      </if>
      <if test="record.parentId != null">
        PARENT_ID = #{record.parentId,jdbcType=DECIMAL},
      </if>
      <if test="record.viewOrder != null">
        VIEW_ORDER = #{record.viewOrder,jdbcType=DECIMAL},
      </if>
    </set>
    <if test="_parameter != null">
      <include refid="Update_By_Example_Where_Clause" />
    </if>
  </update>
  <update id="updateByExample" parameterType="map">
    update UMS_ADDRESS
    set ID = #{record.id,jdbcType=DECIMAL},
      ADDRESS_NAME = #{record.addressName,jdbcType=VARCHAR},
      PARENT_ID = #{record.parentId,jdbcType=DECIMAL},
      VIEW_ORDER = #{record.viewOrder,jdbcType=DECIMAL}
    <if test="_parameter != null">
      <include refid="Update_By_Example_Where_Clause" />
    </if>
  </update>
  <update id="updateByPrimaryKeySelective" parameterType="com.qdbank.mall.model.area.AreaDO">
    update UMS_ADDRESS
    <set>
      <if test="addressName != null">
        ADDRESS_NAME = #{addressName,jdbcType=VARCHAR},
      </if>
      <if test="parentId != null">
        PARENT_ID = #{parentId,jdbcType=DECIMAL},
      </if>
      <if test="viewOrder != null">
        VIEW_ORDER = #{viewOrder,jdbcType=DECIMAL},
      </if>
    </set>
    where ID = #{id,jdbcType=DECIMAL}
  </update>
  <update id="updateByPrimaryKey" parameterType="com.qdbank.mall.model.area.AreaDO">
    update UMS_ADDRESS
    set ADDRESS_NAME = #{addressName,jdbcType=VARCHAR},
      PARENT_ID = #{parentId,jdbcType=DECIMAL},
      VIEW_ORDER = #{viewOrder,jdbcType=DECIMAL}
    where ID = #{id,jdbcType=DECIMAL}
  </update>
</mapper>