<?xml version="1.0" encoding="UTF-8"?>
<!DOCTYPE mapper PUBLIC "-//mybatis.org//DTD Mapper 3.0//EN" "http://mybatis.org/dtd/mybatis-3-mapper.dtd">
<mapper namespace="com.qdbank.mall.mapper.schedule.ScheduleJobLogDOMapper">
  <resultMap id="BaseResultMap" type="com.qdbank.mall.model.schedule.ScheduleJobLogDO">
    <id column="LOG_ID" jdbcType="DECIMAL" property="logId" />
    <result column="JOB_ID" jdbcType="DECIMAL" property="jobId" />
    <result column="BEAN_NAME" jdbcType="VARCHAR" property="beanName" />
    <result column="PARAMS" jdbcType="VARCHAR" property="params" />
    <result column="STATUS" jdbcType="DECIMAL" property="status" />
    <result column="ERROR" jdbcType="VARCHAR" property="error" />
    <result column="TIMES" jdbcType="DECIMAL" property="times" />
    <result column="CREATE_TIME" jdbcType="TIMESTAMP" property="createTime" />
    <result column="IP" jdbcType="VARCHAR" property="ip" />
  </resultMap>
  <sql id="Example_Where_Clause">
    <where>
      <foreach collection="oredCriteria" item="criteria" separator="or">
        <if test="criteria.valid">
          <trim prefix="(" prefixOverrides="and" suffix=")">
            <foreach collection="criteria.criteria" item="criterion">
              <choose>
                <when test="criterion.noValue">
                  and ${criterion.condition}
                </when>
                <when test="criterion.singleValue">
                  and ${criterion.condition} #{criterion.value}
                </when>
                <when test="criterion.betweenValue">
                  and ${criterion.condition} #{criterion.value} and #{criterion.secondValue}
                </when>
                <when test="criterion.listValue">
                  and ${criterion.condition}
                  <foreach close=")" collection="criterion.value" item="listItem" open="(" separator=",">
                    #{listItem}
                  </foreach>
                </when>
              </choose>
            </foreach>
          </trim>
        </if>
      </foreach>
    </where>
  </sql>
  <sql id="Update_By_Example_Where_Clause">
    <where>
      <foreach collection="example.oredCriteria" item="criteria" separator="or">
        <if test="criteria.valid">
          <trim prefix="(" prefixOverrides="and" suffix=")">
            <foreach collection="criteria.criteria" item="criterion">
              <choose>
                <when test="criterion.noValue">
                  and ${criterion.condition}
                </when>
                <when test="criterion.singleValue">
                  and ${criterion.condition} #{criterion.value}
                </when>
                <when test="criterion.betweenValue">
                  and ${criterion.condition} #{criterion.value} and #{criterion.secondValue}
                </when>
                <when test="criterion.listValue">
                  and ${criterion.condition}
                  <foreach close=")" collection="criterion.value" item="listItem" open="(" separator=",">
                    #{listItem}
                  </foreach>
                </when>
              </choose>
            </foreach>
          </trim>
        </if>
      </foreach>
    </where>
  </sql>
  <sql id="Base_Column_List">
    LOG_ID, JOB_ID, BEAN_NAME, PARAMS, STATUS, ERROR, TIMES, CREATE_TIME, IP
  </sql>
  <select id="selectByExample" parameterType="com.qdbank.mall.model.schedule.ScheduleJobLogDOExample" resultMap="BaseResultMap">
    select
    <if test="distinct">
      distinct
    </if>
    'true' as QUERYID,
    <include refid="Base_Column_List" />
    from SCHEDULE_JOB_LOG
    <if test="_parameter != null">
      <include refid="Example_Where_Clause" />
    </if>
    <if test="orderByClause != null">
      order by ${orderByClause}
    </if>
  </select>
  <select id="selectByPrimaryKey" parameterType="java.lang.Long" resultMap="BaseResultMap">
    select 
    <include refid="Base_Column_List" />
    from SCHEDULE_JOB_LOG
    where LOG_ID = #{logId,jdbcType=DECIMAL}
  </select>
  <delete id="deleteByPrimaryKey" parameterType="java.lang.Long">
    delete from SCHEDULE_JOB_LOG
    where LOG_ID = #{logId,jdbcType=DECIMAL}
  </delete>
  <delete id="deleteByExample" parameterType="com.qdbank.mall.model.schedule.ScheduleJobLogDOExample">
    delete from SCHEDULE_JOB_LOG
    <if test="_parameter != null">
      <include refid="Example_Where_Clause" />
    </if>
  </delete>
  <insert id="insert" parameterType="com.qdbank.mall.model.schedule.ScheduleJobLogDO">
    insert into SCHEDULE_JOB_LOG (LOG_ID, JOB_ID, BEAN_NAME, 
      PARAMS, STATUS, ERROR, 
      TIMES, CREATE_TIME, IP
      )
    values (mall_login_seq.Nextval, #{jobId,jdbcType=DECIMAL}, #{beanName,jdbcType=VARCHAR},
      #{params,jdbcType=VARCHAR}, #{status,jdbcType=DECIMAL}, #{error,jdbcType=VARCHAR}, 
      #{times,jdbcType=DECIMAL}, #{createTime,jdbcType=TIMESTAMP}, #{ip,jdbcType=VARCHAR}
      )
  </insert>
  <insert id="insertSelective" parameterType="com.qdbank.mall.model.schedule.ScheduleJobLogDO">
    insert into SCHEDULE_JOB_LOG
    <trim prefix="(" suffix=")" suffixOverrides=",">
      <if test="logId != null">
        LOG_ID,
      </if>
      <if test="jobId != null">
        JOB_ID,
      </if>
      <if test="beanName != null">
        BEAN_NAME,
      </if>
      <if test="params != null">
        PARAMS,
      </if>
      <if test="status != null">
        STATUS,
      </if>
      <if test="error != null">
        ERROR,
      </if>
      <if test="times != null">
        TIMES,
      </if>
      <if test="createTime != null">
        CREATE_TIME,
      </if>
      <if test="ip != null">
        IP,
      </if>
    </trim>
    <trim prefix="values (" suffix=")" suffixOverrides=",">
      <if test="logId != null">
        #{logId,jdbcType=DECIMAL},
      </if>
      <if test="jobId != null">
        #{jobId,jdbcType=DECIMAL},
      </if>
      <if test="beanName != null">
        #{beanName,jdbcType=VARCHAR},
      </if>
      <if test="params != null">
        #{params,jdbcType=VARCHAR},
      </if>
      <if test="status != null">
        #{status,jdbcType=DECIMAL},
      </if>
      <if test="error != null">
        #{error,jdbcType=VARCHAR},
      </if>
      <if test="times != null">
        #{times,jdbcType=DECIMAL},
      </if>
      <if test="createTime != null">
        #{createTime,jdbcType=TIMESTAMP},
      </if>
      <if test="ip != null">
        #{ip,jdbcType=VARCHAR},
      </if>
    </trim>
  </insert>
  <select id="countByExample" parameterType="com.qdbank.mall.model.schedule.ScheduleJobLogDOExample" resultType="java.lang.Long">
    select count(*) from SCHEDULE_JOB_LOG
    <if test="_parameter != null">
      <include refid="Example_Where_Clause" />
    </if>
  </select>
  <update id="updateByExampleSelective" parameterType="map">
    update SCHEDULE_JOB_LOG
    <set>
      <if test="record.logId != null">
        LOG_ID = #{record.logId,jdbcType=DECIMAL},
      </if>
      <if test="record.jobId != null">
        JOB_ID = #{record.jobId,jdbcType=DECIMAL},
      </if>
      <if test="record.beanName != null">
        BEAN_NAME = #{record.beanName,jdbcType=VARCHAR},
      </if>
      <if test="record.params != null">
        PARAMS = #{record.params,jdbcType=VARCHAR},
      </if>
      <if test="record.status != null">
        STATUS = #{record.status,jdbcType=DECIMAL},
      </if>
      <if test="record.error != null">
        ERROR = #{record.error,jdbcType=VARCHAR},
      </if>
      <if test="record.times != null">
        TIMES = #{record.times,jdbcType=DECIMAL},
      </if>
      <if test="record.createTime != null">
        CREATE_TIME = #{record.createTime,jdbcType=TIMESTAMP},
      </if>
      <if test="record.ip != null">
        IP = #{record.ip,jdbcType=VARCHAR},
      </if>
    </set>
    <if test="_parameter != null">
      <include refid="Update_By_Example_Where_Clause" />
    </if>
  </update>
  <update id="updateByExample" parameterType="map">
    update SCHEDULE_JOB_LOG
    set LOG_ID = #{record.logId,jdbcType=DECIMAL},
      JOB_ID = #{record.jobId,jdbcType=DECIMAL},
      BEAN_NAME = #{record.beanName,jdbcType=VARCHAR},
      PARAMS = #{record.params,jdbcType=VARCHAR},
      STATUS = #{record.status,jdbcType=DECIMAL},
      ERROR = #{record.error,jdbcType=VARCHAR},
      TIMES = #{record.times,jdbcType=DECIMAL},
      CREATE_TIME = #{record.createTime,jdbcType=TIMESTAMP},
      IP = #{record.ip,jdbcType=VARCHAR}
    <if test="_parameter != null">
      <include refid="Update_By_Example_Where_Clause" />
    </if>
  </update>
  <update id="updateByPrimaryKeySelective" parameterType="com.qdbank.mall.model.schedule.ScheduleJobLogDO">
    update SCHEDULE_JOB_LOG
    <set>
      <if test="jobId != null">
        JOB_ID = #{jobId,jdbcType=DECIMAL},
      </if>
      <if test="beanName != null">
        BEAN_NAME = #{beanName,jdbcType=VARCHAR},
      </if>
      <if test="params != null">
        PARAMS = #{params,jdbcType=VARCHAR},
      </if>
      <if test="status != null">
        STATUS = #{status,jdbcType=DECIMAL},
      </if>
      <if test="error != null">
        ERROR = #{error,jdbcType=VARCHAR},
      </if>
      <if test="times != null">
        TIMES = #{times,jdbcType=DECIMAL},
      </if>
      <if test="createTime != null">
        CREATE_TIME = #{createTime,jdbcType=TIMESTAMP},
      </if>
      <if test="ip != null">
        IP = #{ip,jdbcType=VARCHAR},
      </if>
    </set>
    where LOG_ID = #{logId,jdbcType=DECIMAL}
  </update>
  <update id="updateByPrimaryKey" parameterType="com.qdbank.mall.model.schedule.ScheduleJobLogDO">
    update SCHEDULE_JOB_LOG
    set JOB_ID = #{jobId,jdbcType=DECIMAL},
      BEAN_NAME = #{beanName,jdbcType=VARCHAR},
      PARAMS = #{params,jdbcType=VARCHAR},
      STATUS = #{status,jdbcType=DECIMAL},
      ERROR = #{error,jdbcType=VARCHAR},
      TIMES = #{times,jdbcType=DECIMAL},
      CREATE_TIME = #{createTime,jdbcType=TIMESTAMP},
      IP = #{ip,jdbcType=VARCHAR}
    where LOG_ID = #{logId,jdbcType=DECIMAL}
  </update>

  <delete id="deleteJogLog">
    delete from SCHEDULE_JOB_LOG t where t.create_time &lt;= sysdate - 20
  </delete>
</mapper>