<?xml version="1.0" encoding="UTF-8"?>
<!DOCTYPE mapper PUBLIC "-//mybatis.org//DTD Mapper 3.0//EN" "http://mybatis.org/dtd/mybatis-3-mapper.dtd">
<mapper namespace="com.qdbank.mall.mapper.address.AddressDOMapper">
  <resultMap id="BaseResultMap" type="com.qdbank.mall.model.address.AddressDO">
    <id column="ID" jdbcType="DECIMAL" property="id" />
    <result column="CUST_NO" jdbcType="DECIMAL" property="custNo" />
    <result column="CUST_NAME" jdbcType="VARCHAR" property="custName" />
    <result column="RECEIVER_MOBILE" jdbcType="VARCHAR" property="receiverMobile" />
    <result column="RECEIVER_NAME" jdbcType="VARCHAR" property="receiverName" />
    <result column="RECEIVER_PROVINCE" jdbcType="VARCHAR" property="receiverProvince" />
    <result column="RECEIVER_CITY" jdbcType="VARCHAR" property="receiverCity" />
    <result column="RECEIVER_REGION" jdbcType="VARCHAR" property="receiverRegion" />
    <result column="RECEIVER_DETAIL_ADDRESS" jdbcType="VARCHAR" property="receiverDetailAddress" />
    <result column="DEFAULT_FLAG" jdbcType="DECIMAL" property="defaultFlag" />
    <result column="CREATE_TIME" jdbcType="TIMESTAMP" property="createTime" />
    <result column="UPDATE_TIME" jdbcType="TIMESTAMP" property="updateTime" />
  </resultMap>
  <sql id="Example_Where_Clause">
    <where>
      <foreach collection="oredCriteria" item="criteria" separator="or">
        <if test="criteria.valid">
          <trim prefix="(" prefixOverrides="and" suffix=")">
            <foreach collection="criteria.criteria" item="criterion">
              <choose>
                <when test="criterion.noValue">
                  and ${criterion.condition}
                </when>
                <when test="criterion.singleValue">
                  and ${criterion.condition} #{criterion.value}
                </when>
                <when test="criterion.betweenValue">
                  and ${criterion.condition} #{criterion.value} and #{criterion.secondValue}
                </when>
                <when test="criterion.listValue">
                  and ${criterion.condition}
                  <foreach close=")" collection="criterion.value" item="listItem" open="(" separator=",">
                    #{listItem}
                  </foreach>
                </when>
              </choose>
            </foreach>
          </trim>
        </if>
      </foreach>
    </where>
  </sql>
  <sql id="Update_By_Example_Where_Clause">
    <where>
      <foreach collection="example.oredCriteria" item="criteria" separator="or">
        <if test="criteria.valid">
          <trim prefix="(" prefixOverrides="and" suffix=")">
            <foreach collection="criteria.criteria" item="criterion">
              <choose>
                <when test="criterion.noValue">
                  and ${criterion.condition}
                </when>
                <when test="criterion.singleValue">
                  and ${criterion.condition} #{criterion.value}
                </when>
                <when test="criterion.betweenValue">
                  and ${criterion.condition} #{criterion.value} and #{criterion.secondValue}
                </when>
                <when test="criterion.listValue">
                  and ${criterion.condition}
                  <foreach close=")" collection="criterion.value" item="listItem" open="(" separator=",">
                    #{listItem}
                  </foreach>
                </when>
              </choose>
            </foreach>
          </trim>
        </if>
      </foreach>
    </where>
  </sql>
  <sql id="Base_Column_List">
    ID, CUST_NO, CUST_NAME, RECEIVER_MOBILE, RECEIVER_NAME, RECEIVER_PROVINCE, RECEIVER_CITY, 
    RECEIVER_REGION, RECEIVER_DETAIL_ADDRESS, DEFAULT_FLAG, CREATE_TIME, UPDATE_TIME
  </sql>
  <select id="selectByExample" parameterType="com.qdbank.mall.model.address.AddressDOExample" resultMap="BaseResultMap">
    select
    <if test="distinct">
      distinct
    </if>
    'true' as QUERYID,
    <include refid="Base_Column_List" />
    from UMS_USER_RECEIVE_ADDRESS
    <if test="_parameter != null">
      <include refid="Example_Where_Clause" />
    </if>
    <if test="orderByClause != null">
      order by ${orderByClause}
    </if>
  </select>
  <select id="selectByPrimaryKey" parameterType="java.lang.Long" resultMap="BaseResultMap">
    select 
    <include refid="Base_Column_List" />
    from UMS_USER_RECEIVE_ADDRESS
    where ID = #{id,jdbcType=DECIMAL}
  </select>
  <delete id="deleteByPrimaryKey" parameterType="java.lang.Long">
    delete from UMS_USER_RECEIVE_ADDRESS
    where ID = #{id,jdbcType=DECIMAL}
  </delete>
  <delete id="deleteByExample" parameterType="com.qdbank.mall.model.address.AddressDOExample">
    delete from UMS_USER_RECEIVE_ADDRESS
    <if test="_parameter != null">
      <include refid="Example_Where_Clause" />
    </if>
  </delete>
  <insert id="insert" parameterType="com.qdbank.mall.model.address.AddressDO">
    insert into UMS_USER_RECEIVE_ADDRESS (ID, CUST_NO, CUST_NAME, 
      RECEIVER_MOBILE, RECEIVER_NAME, RECEIVER_PROVINCE, 
      RECEIVER_CITY, RECEIVER_REGION, RECEIVER_DETAIL_ADDRESS, 
      DEFAULT_FLAG, CREATE_TIME, UPDATE_TIME
      )
    values (#{id,jdbcType=DECIMAL}, #{custNo,jdbcType=DECIMAL}, #{custName,jdbcType=VARCHAR}, 
      #{receiverMobile,jdbcType=VARCHAR}, #{receiverName,jdbcType=VARCHAR}, #{receiverProvince,jdbcType=VARCHAR}, 
      #{receiverCity,jdbcType=VARCHAR}, #{receiverRegion,jdbcType=VARCHAR}, #{receiverDetailAddress,jdbcType=VARCHAR}, 
      #{defaultFlag,jdbcType=DECIMAL}, #{createTime,jdbcType=TIMESTAMP}, #{updateTime,jdbcType=TIMESTAMP}
      )
  </insert>
  <insert id="insertSelective" parameterType="com.qdbank.mall.model.address.AddressDO">
    insert into UMS_USER_RECEIVE_ADDRESS
    <trim prefix="(" suffix=")" suffixOverrides=",">
      <if test="id != null">
        ID,
      </if>
      <if test="custNo != null">
        CUST_NO,
      </if>
      <if test="custName != null">
        CUST_NAME,
      </if>
      <if test="receiverMobile != null">
        RECEIVER_MOBILE,
      </if>
      <if test="receiverName != null">
        RECEIVER_NAME,
      </if>
      <if test="receiverProvince != null">
        RECEIVER_PROVINCE,
      </if>
      <if test="receiverCity != null">
        RECEIVER_CITY,
      </if>
      <if test="receiverRegion != null">
        RECEIVER_REGION,
      </if>
      <if test="receiverDetailAddress != null">
        RECEIVER_DETAIL_ADDRESS,
      </if>
      <if test="defaultFlag != null">
        DEFAULT_FLAG,
      </if>
      <if test="createTime != null">
        CREATE_TIME,
      </if>
      <if test="updateTime != null">
        UPDATE_TIME,
      </if>
    </trim>
    <trim prefix="values (" suffix=")" suffixOverrides=",">
      <if test="id != null">
        #{id,jdbcType=DECIMAL},
      </if>
      <if test="custNo != null">
        #{custNo,jdbcType=DECIMAL},
      </if>
      <if test="custName != null">
        #{custName,jdbcType=VARCHAR},
      </if>
      <if test="receiverMobile != null">
        #{receiverMobile,jdbcType=VARCHAR},
      </if>
      <if test="receiverName != null">
        #{receiverName,jdbcType=VARCHAR},
      </if>
      <if test="receiverProvince != null">
        #{receiverProvince,jdbcType=VARCHAR},
      </if>
      <if test="receiverCity != null">
        #{receiverCity,jdbcType=VARCHAR},
      </if>
      <if test="receiverRegion != null">
        #{receiverRegion,jdbcType=VARCHAR},
      </if>
      <if test="receiverDetailAddress != null">
        #{receiverDetailAddress,jdbcType=VARCHAR},
      </if>
      <if test="defaultFlag != null">
        #{defaultFlag,jdbcType=DECIMAL},
      </if>
      <if test="createTime != null">
        #{createTime,jdbcType=TIMESTAMP},
      </if>
      <if test="updateTime != null">
        #{updateTime,jdbcType=TIMESTAMP},
      </if>
    </trim>
  </insert>
  <select id="countByExample" parameterType="com.qdbank.mall.model.address.AddressDOExample" resultType="java.lang.Long">
    select count(*) from UMS_USER_RECEIVE_ADDRESS
    <if test="_parameter != null">
      <include refid="Example_Where_Clause" />
    </if>
  </select>
  <update id="updateByExampleSelective" parameterType="map">
    update UMS_USER_RECEIVE_ADDRESS
    <set>
      <if test="record.id != null">
        ID = #{record.id,jdbcType=DECIMAL},
      </if>
      <if test="record.custNo != null">
        CUST_NO = #{record.custNo,jdbcType=DECIMAL},
      </if>
      <if test="record.custName != null">
        CUST_NAME = #{record.custName,jdbcType=VARCHAR},
      </if>
      <if test="record.receiverMobile != null">
        RECEIVER_MOBILE = #{record.receiverMobile,jdbcType=VARCHAR},
      </if>
      <if test="record.receiverName != null">
        RECEIVER_NAME = #{record.receiverName,jdbcType=VARCHAR},
      </if>
      <if test="record.receiverProvince != null">
        RECEIVER_PROVINCE = #{record.receiverProvince,jdbcType=VARCHAR},
      </if>
      <if test="record.receiverCity != null">
        RECEIVER_CITY = #{record.receiverCity,jdbcType=VARCHAR},
      </if>
      <if test="record.receiverRegion != null">
        RECEIVER_REGION = #{record.receiverRegion,jdbcType=VARCHAR},
      </if>
      <if test="record.receiverDetailAddress != null">
        RECEIVER_DETAIL_ADDRESS = #{record.receiverDetailAddress,jdbcType=VARCHAR},
      </if>
      <if test="record.defaultFlag != null">
        DEFAULT_FLAG = #{record.defaultFlag,jdbcType=DECIMAL},
      </if>
      <if test="record.createTime != null">
        CREATE_TIME = #{record.createTime,jdbcType=TIMESTAMP},
      </if>
      <if test="record.updateTime != null">
        UPDATE_TIME = #{record.updateTime,jdbcType=TIMESTAMP},
      </if>
    </set>
    <if test="_parameter != null">
      <include refid="Update_By_Example_Where_Clause" />
    </if>
  </update>
  <update id="updateByExample" parameterType="map">
    update UMS_USER_RECEIVE_ADDRESS
    set ID = #{record.id,jdbcType=DECIMAL},
      CUST_NO = #{record.custNo,jdbcType=DECIMAL},
      CUST_NAME = #{record.custName,jdbcType=VARCHAR},
      RECEIVER_MOBILE = #{record.receiverMobile,jdbcType=VARCHAR},
      RECEIVER_NAME = #{record.receiverName,jdbcType=VARCHAR},
      RECEIVER_PROVINCE = #{record.receiverProvince,jdbcType=VARCHAR},
      RECEIVER_CITY = #{record.receiverCity,jdbcType=VARCHAR},
      RECEIVER_REGION = #{record.receiverRegion,jdbcType=VARCHAR},
      RECEIVER_DETAIL_ADDRESS = #{record.receiverDetailAddress,jdbcType=VARCHAR},
      DEFAULT_FLAG = #{record.defaultFlag,jdbcType=DECIMAL},
      CREATE_TIME = #{record.createTime,jdbcType=TIMESTAMP},
      UPDATE_TIME = #{record.updateTime,jdbcType=TIMESTAMP}
    <if test="_parameter != null">
      <include refid="Update_By_Example_Where_Clause" />
    </if>
  </update>
  <update id="updateByPrimaryKeySelective" parameterType="com.qdbank.mall.model.address.AddressDO">
    update UMS_USER_RECEIVE_ADDRESS
    <set>
      <if test="custNo != null">
        CUST_NO = #{custNo,jdbcType=DECIMAL},
      </if>
      <if test="custName != null">
        CUST_NAME = #{custName,jdbcType=VARCHAR},
      </if>
      <if test="receiverMobile != null">
        RECEIVER_MOBILE = #{receiverMobile,jdbcType=VARCHAR},
      </if>
      <if test="receiverName != null">
        RECEIVER_NAME = #{receiverName,jdbcType=VARCHAR},
      </if>
      <if test="receiverProvince != null">
        RECEIVER_PROVINCE = #{receiverProvince,jdbcType=VARCHAR},
      </if>
      <if test="receiverCity != null">
        RECEIVER_CITY = #{receiverCity,jdbcType=VARCHAR},
      </if>
      <if test="receiverRegion != null">
        RECEIVER_REGION = #{receiverRegion,jdbcType=VARCHAR},
      </if>
      <if test="receiverDetailAddress != null">
        RECEIVER_DETAIL_ADDRESS = #{receiverDetailAddress,jdbcType=VARCHAR},
      </if>
      <if test="defaultFlag != null">
        DEFAULT_FLAG = #{defaultFlag,jdbcType=DECIMAL},
      </if>
      <if test="createTime != null">
        CREATE_TIME = #{createTime,jdbcType=TIMESTAMP},
      </if>
      <if test="updateTime != null">
        UPDATE_TIME = #{updateTime,jdbcType=TIMESTAMP},
      </if>
    </set>
    where ID = #{id,jdbcType=DECIMAL}
  </update>
  <update id="updateByPrimaryKey" parameterType="com.qdbank.mall.model.address.AddressDO">
    update UMS_USER_RECEIVE_ADDRESS
    set CUST_NO = #{custNo,jdbcType=DECIMAL},
      CUST_NAME = #{custName,jdbcType=VARCHAR},
      RECEIVER_MOBILE = #{receiverMobile,jdbcType=VARCHAR},
      RECEIVER_NAME = #{receiverName,jdbcType=VARCHAR},
      RECEIVER_PROVINCE = #{receiverProvince,jdbcType=VARCHAR},
      RECEIVER_CITY = #{receiverCity,jdbcType=VARCHAR},
      RECEIVER_REGION = #{receiverRegion,jdbcType=VARCHAR},
      RECEIVER_DETAIL_ADDRESS = #{receiverDetailAddress,jdbcType=VARCHAR},
      DEFAULT_FLAG = #{defaultFlag,jdbcType=DECIMAL},
      CREATE_TIME = #{createTime,jdbcType=TIMESTAMP},
      UPDATE_TIME = #{updateTime,jdbcType=TIMESTAMP}
    where ID = #{id,jdbcType=DECIMAL}
  </update>
</mapper>