<?xml version="1.0" encoding="UTF-8"?>
<!DOCTYPE mapper PUBLIC "-//mybatis.org//DTD Mapper 3.0//EN" "http://mybatis.org/dtd/mybatis-3-mapper.dtd">
<mapper namespace="com.qdbank.mall.mapper.user.UmsAdminMapper">
  <resultMap id="BaseResultMap" type="com.qdbank.mall.model.user.UserInfoDO">
    <id column="id" jdbcType="BIGINT" property="id" />
    <result column="password" jdbcType="VARCHAR" property="password" />
    <result column="email" jdbcType="VARCHAR" property="email" />
    <result column="nick_name" jdbcType="VARCHAR" property="nickName" />
    <result column="note" jdbcType="VARCHAR" property="note" />
    <result column="create_time" jdbcType="TIMESTAMP" property="createTime" />
    <result column="login_time" jdbcType="TIMESTAMP" property="loginTime" />
    <result column="status" jdbcType="INTEGER" property="status" />
    <result column="update_time" jdbcType="TIMESTAMP" property="updateTime" />
    <result column="created_by" jdbcType="VARCHAR" property="createdBy" />
    <result column="updated_by" jdbcType="VARCHAR" property="updatedBy" />
    <result column="deptno" jdbcType="INTEGER" property="deptno" />
    <result column="username" jdbcType="VARCHAR" property="username"/>

  </resultMap>
  <sql id="Example_Where_Clause">
    <where>
      <foreach collection="oredCriteria" item="criteria" separator="or">
        <if test="criteria.valid">
          <trim prefix="(" prefixOverrides="and" suffix=")">
            <foreach collection="criteria.criteria" item="criterion">
              <choose>
                <when test="criterion.noValue">
                  and ${criterion.condition}
                </when>
                <when test="criterion.singleValue">
                  and ${criterion.condition} #{criterion.value}
                </when>
                <when test="criterion.betweenValue">
                  and ${criterion.condition} #{criterion.value} and #{criterion.secondValue}
                </when>
                <when test="criterion.listValue">
                  and ${criterion.condition}
                  <foreach close=")" collection="criterion.value" item="listItem" open="(" separator=",">
                    #{listItem}
                  </foreach>
                </when>
              </choose>
            </foreach>
          </trim>
        </if>
      </foreach>
    </where>
  </sql>
  <sql id="Update_By_Example_Where_Clause">
    <where>
      <foreach collection="example.oredCriteria" item="criteria" separator="or">
        <if test="criteria.valid">
          <trim prefix="(" prefixOverrides="and" suffix=")">
            <foreach collection="criteria.criteria" item="criterion">
              <choose>
                <when test="criterion.noValue">
                  and ${criterion.condition}
                </when>
                <when test="criterion.singleValue">
                  and ${criterion.condition} #{criterion.value}
                </when>
                <when test="criterion.betweenValue">
                  and ${criterion.condition} #{criterion.value} and #{criterion.secondValue}
                </when>
                <when test="criterion.listValue">
                  and ${criterion.condition}
                  <foreach close=")" collection="criterion.value" item="listItem" open="(" separator=",">
                    #{listItem}
                  </foreach>
                </when>
              </choose>
            </foreach>
          </trim>
        </if>
      </foreach>
    </where>
  </sql>
  <sql id="Base_Column_List">
    id, username, password,  email, nick_name, note, create_time, login_time, status,deptno,update_time,mobile,created_by,updated_by,deptname
  </sql>
  <select id="selectByExample" parameterType="com.qdbank.mall.model.user.UserInfoDOExample" resultType="com.qdbank.mall.model.user.UserInfoDO">
    select
    a.*,
    a.nick_name as nickName,
    a.login_time as loginTime,
    a.create_time as createTime,
    a.created_by as createdBy,
    a.updated_by as updatedBy,
    a.update_time as updateTime,
    d.name as deptname
    from ums_admin a , ums_department d
    <if test="_parameter != null">
      <include refid="Example_Where_Clause" />
      and a.deptno = d.id
    </if>
    <if test="orderByClause != null">
      order by ${orderByClause}
    </if>
    <if test="_parameter == null">
      where a.deptno = d.id
    </if>
  </select>


  <delete id="deleteByPrimaryKey" parameterType="java.lang.Long">
    delete from ums_admin
    where id = #{id,jdbcType=BIGINT}
  </delete>
  <delete id="deleteByExample" parameterType="com.qdbank.mall.model.user.UserInfoDOExample">
    delete from ums_admin
    <if test="_parameter != null">
      <include refid="Example_Where_Clause" />
    </if>
  </delete>
  <insert id="insert" parameterType="com.qdbank.mall.model.user.UserInfoDO">
    insert into ums_admin (id,username, password, icon,
      email, nick_name, note, 
      create_time, login_time, status,update_time,created_by ,updated_by,mobile,deptno
      )
    values (#{id},#{username,jdbcType=VARCHAR}, #{password,jdbcType=VARCHAR}, #{icon,jdbcType=VARCHAR},
      #{email,jdbcType=VARCHAR}, #{nickName,jdbcType=VARCHAR}, #{note,jdbcType=VARCHAR}, 
      #{createTime,jdbcType=TIMESTAMP}, #{loginTime,jdbcType=TIMESTAMP}, #{status,jdbcType=INTEGER}
      ,#{updateTime,jdbcType=TIMESTAMP},#{createdBy,jdbcType=VARCHAR},#{updatedBy,jdbcType=VARCHAR},#{mobile,jdbcType=VARCHAR},#{deptno,jdbcType=INTEGER})
  </insert>
  <insert id="insertSelective" parameterType="com.qdbank.mall.model.user.UserInfoDO">
    insert into ums_admin
    <trim prefix="(" suffix=")" suffixOverrides=",">
    id,
      <if test="username != null">
        username,
      </if>
      <if test="password != null">
        password,
      </if>
      <if test="icon != null">
        icon,
      </if>
      <if test="email != null">
        email,
      </if>
      <if test="nickName != null">
        nick_name,
      </if>
      <if test="note != null">
        note,
      </if>
      <if test="createTime != null">
        create_time,
      </if>
      <if test="loginTime != null">
        login_time,
      </if>
      <if test="status != null">
        status,
      </if>
      <if test="deptno != null">
        deptno,
      </if>
    </trim>
    <trim prefix="values (" suffix=")" suffixOverrides=",">
      #{id}
      <if test="username != null">
        #{username,jdbcType=VARCHAR},
      </if>
      <if test="password != null">
        #{password,jdbcType=VARCHAR},
      </if>
      <if test="icon != null">
        #{icon,jdbcType=VARCHAR},
      </if>
      <if test="email != null">
        #{email,jdbcType=VARCHAR},
      </if>
      <if test="nickName != null">
        #{nickName,jdbcType=VARCHAR},
      </if>
      <if test="note != null">
        #{note,jdbcType=VARCHAR},
      </if>
      <if test="createTime != null">
        #{createTime,jdbcType=TIMESTAMP},
      </if>
      <if test="loginTime != null">
        #{loginTime,jdbcType=TIMESTAMP},
      </if>
      <if test="status != null">
        #{status,jdbcType=INTEGER},
      </if>
      <if test="deptno != null">
        #{deptno,jdbcType=INTEGER},
      </if>
    </trim>
  </insert>
  <select id="countByExample" parameterType="com.qdbank.mall.model.user.UserInfoDOExample" resultType="java.lang.Long">
    select count(*) from ums_admin
    <if test="_parameter != null">
      <include refid="Example_Where_Clause" />
    </if>
  </select>
  <update id="updateByExampleSelective" parameterType="map">
    update ums_admin
    <set>
      <if test="record.id != null">
        id = #{record.id,jdbcType=BIGINT},
      </if>
      <if test="record.username != null">
        username = #{record.username,jdbcType=VARCHAR},
      </if>
      <if test="record.password != null">
        password = #{record.password,jdbcType=VARCHAR},
      </if>
      <if test="record.icon != null">
        icon = #{record.icon,jdbcType=VARCHAR},
      </if>
      <if test="record.email != null">
        email = #{record.email,jdbcType=VARCHAR},
      </if>
      <if test="record.nickName != null">
        nick_name = #{record.nickName,jdbcType=VARCHAR},
      </if>
      <if test="record.note != null">
        note = #{record.note,jdbcType=VARCHAR},
      </if>
      <if test="record.createTime != null">
        create_time = #{record.createTime,jdbcType=TIMESTAMP},
      </if>
      <if test="record.loginTime != null">
        login_time = #{record.loginTime,jdbcType=TIMESTAMP},
      </if>
      <if test="record.status != null">
        status = #{record.status,jdbcType=INTEGER},
      </if>
    </set>
    <if test="_parameter != null">
      <include refid="Update_By_Example_Where_Clause" />
    </if>
  </update>
  <update id="updateByExample" parameterType="map">
    update ums_admin
    set id = #{record.id,jdbcType=BIGINT},
      username = #{record.username,jdbcType=VARCHAR},
      password = #{record.password,jdbcType=VARCHAR},
      icon = #{record.icon,jdbcType=VARCHAR},
      email = #{record.email,jdbcType=VARCHAR},
      nick_name = #{record.nickName,jdbcType=VARCHAR},
      note = #{record.note,jdbcType=VARCHAR},
      create_time = #{record.createTime,jdbcType=TIMESTAMP},
      login_time = #{record.loginTime,jdbcType=TIMESTAMP},
      status = #{record.status,jdbcType=INTEGER}
    <if test="_parameter != null">
      <include refid="Update_By_Example_Where_Clause" />
    </if>
  </update>
  <update id="updateByPrimaryKeySelective" parameterType="com.qdbank.mall.model.user.UserInfoDO">
    update ums_admin
    <set>
      <if test="username != null">
        username = #{username,jdbcType=VARCHAR},
      </if>
      <if test="password != null">
        password = #{password,jdbcType=VARCHAR},
      </if>
      <if test="icon != null">
        icon = #{icon,jdbcType=VARCHAR},
      </if>
      <if test="email != null">
        email = #{email,jdbcType=VARCHAR},
      </if>
      <if test="nickName != null">
        nick_name = #{nickName,jdbcType=VARCHAR},
      </if>
        note = #{note,jdbcType=VARCHAR},
      <if test="createTime != null">
        create_time = #{createTime,jdbcType=TIMESTAMP},
      </if>
      <if test="loginTime != null">
        login_time = #{loginTime,jdbcType=TIMESTAMP},
      </if>
      <if test="status != null">
        status = #{status,jdbcType=INTEGER},
      </if>
      <if test="updatedBy != null">
        updated_by = #{updatedBy,jdbcType=INTEGER},
      </if>
      <if test="updateTime != null">
        update_time = #{updateTime,jdbcType=INTEGER},
      </if>
    </set>
    where id = #{id,jdbcType=BIGINT}
  </update>
  <update id="updateByPrimaryKey" parameterType="com.qdbank.mall.model.user.UserInfoDO">
    update ums_admin
    set username = #{username,jdbcType=VARCHAR},
      password = #{password,jdbcType=VARCHAR},
      icon = #{icon,jdbcType=VARCHAR},
      email = #{email,jdbcType=VARCHAR},
      nick_name = #{nickName,jdbcType=VARCHAR},
      note = #{note,jdbcType=VARCHAR},
      update_time = #{updateTime,jdbcType=TIMESTAMP},
      login_time = #{loginTime,jdbcType=TIMESTAMP},
      status = #{status,jdbcType=INTEGER},
      updated_by = #{updatedBy,jdbcType=VARCHAR}
    where id = #{id,jdbcType=BIGINT}
  </update>
</mapper>