<?xml version="1.0" encoding="UTF-8"?>
<!DOCTYPE mapper PUBLIC "-//mybatis.org//DTD Mapper 3.0//EN" "http://mybatis.org/dtd/mybatis-3-mapper.dtd">
<mapper namespace="com.qdbank.mall.mapper.user.UserInfoDOMapper">
  <resultMap id="BaseResultMap" type="com.qdbank.mall.model.user.UserInfoDO">
    <id column="ID" jdbcType="DECIMAL" property="id" />
    <result column="USERNAME" jdbcType="VARCHAR" property="username" />
    <result column="PASSWORD" jdbcType="VARCHAR" property="password" />
    <result column="ICON" jdbcType="VARCHAR" property="icon" />
    <result column="EMAIL" jdbcType="VARCHAR" property="email" />
    <result column="NICK_NAME" jdbcType="VARCHAR" property="nickName" />
    <result column="NOTE" jdbcType="VARCHAR" property="note" />
    <result column="CREATE_TIME" jdbcType="TIMESTAMP" property="createTime" />
    <result column="LOGIN_TIME" jdbcType="TIMESTAMP" property="loginTime" />
    <result column="STATUS" jdbcType="DECIMAL" property="status" />
    <result column="DEPTNO" jdbcType="DECIMAL" property="deptno" />
    <result column="MOBILE" jdbcType="VARCHAR" property="mobile" />
    <result column="CREATED_BY" jdbcType="VARCHAR" property="createdBy" />
    <result column="UPDATED_BY" jdbcType="VARCHAR" property="updatedBy" />
    <result column="UPDATE_TIME" jdbcType="TIMESTAMP" property="updateTime" />
  </resultMap>
  <sql id="Example_Where_Clause">
    <where>
      <foreach collection="oredCriteria" item="criteria" separator="or">
        <if test="criteria.valid">
          <trim prefix="(" prefixOverrides="and" suffix=")">
            <foreach collection="criteria.criteria" item="criterion">
              <choose>
                <when test="criterion.noValue">
                  and ${criterion.condition}
                </when>
                <when test="criterion.singleValue">
                  and ${criterion.condition} #{criterion.value}
                </when>
                <when test="criterion.betweenValue">
                  and ${criterion.condition} #{criterion.value} and #{criterion.secondValue}
                </when>
                <when test="criterion.listValue">
                  and ${criterion.condition}
                  <foreach close=")" collection="criterion.value" item="listItem" open="(" separator=",">
                    #{listItem}
                  </foreach>
                </when>
              </choose>
            </foreach>
          </trim>
        </if>
      </foreach>
    </where>
  </sql>
  <sql id="Update_By_Example_Where_Clause">
    <where>
      <foreach collection="example.oredCriteria" item="criteria" separator="or">
        <if test="criteria.valid">
          <trim prefix="(" prefixOverrides="and" suffix=")">
            <foreach collection="criteria.criteria" item="criterion">
              <choose>
                <when test="criterion.noValue">
                  and ${criterion.condition}
                </when>
                <when test="criterion.singleValue">
                  and ${criterion.condition} #{criterion.value}
                </when>
                <when test="criterion.betweenValue">
                  and ${criterion.condition} #{criterion.value} and #{criterion.secondValue}
                </when>
                <when test="criterion.listValue">
                  and ${criterion.condition}
                  <foreach close=")" collection="criterion.value" item="listItem" open="(" separator=",">
                    #{listItem}
                  </foreach>
                </when>
              </choose>
            </foreach>
          </trim>
        </if>
      </foreach>
    </where>
  </sql>
  <sql id="Base_Column_List">
    ID, USERNAME, PASSWORD, ICON, EMAIL, NICK_NAME, NOTE, CREATE_TIME, LOGIN_TIME, STATUS, 
    DEPTNO, MOBILE, CREATED_BY, UPDATED_BY, UPDATE_TIME
  </sql>
  <select id="selectByExample" parameterType="com.qdbank.mall.model.user.UserInfoDOExample" resultMap="BaseResultMap">
    select
    <if test="distinct">
      distinct
    </if>
    'true' as QUERYID,
    <include refid="Base_Column_List" />
    from UMS_ADMIN
    <if test="_parameter != null">
      <include refid="Example_Where_Clause" />
    </if>
    <if test="orderByClause != null">
      order by ${orderByClause}
    </if>
  </select>
  <select id="selectByPrimaryKey" parameterType="java.lang.Long" resultMap="BaseResultMap">
    select 
    <include refid="Base_Column_List" />
    from UMS_ADMIN
    where ID = #{id,jdbcType=DECIMAL}
  </select>
  <delete id="deleteByPrimaryKey" parameterType="java.lang.Long">
    delete from UMS_ADMIN
    where ID = #{id,jdbcType=DECIMAL}
  </delete>
  <delete id="deleteByExample" parameterType="com.qdbank.mall.model.user.UserInfoDOExample">
    delete from UMS_ADMIN
    <if test="_parameter != null">
      <include refid="Example_Where_Clause" />
    </if>
  </delete>
  <insert id="insert" parameterType="com.qdbank.mall.model.user.UserInfoDO">
    insert into UMS_ADMIN (ID, USERNAME, PASSWORD, 
      ICON, EMAIL, NICK_NAME, 
      NOTE, CREATE_TIME, LOGIN_TIME, 
      STATUS, DEPTNO, MOBILE, 
      CREATED_BY, UPDATED_BY, UPDATE_TIME
      )
    values (#{id,jdbcType=DECIMAL}, #{username,jdbcType=VARCHAR}, #{password,jdbcType=VARCHAR}, 
      #{icon,jdbcType=VARCHAR}, #{email,jdbcType=VARCHAR}, #{nickName,jdbcType=VARCHAR}, 
      #{note,jdbcType=VARCHAR}, #{createTime,jdbcType=TIMESTAMP}, #{loginTime,jdbcType=TIMESTAMP},
      #{status,jdbcType=DECIMAL}, #{deptno,jdbcType=DECIMAL}, #{mobile,jdbcType=VARCHAR}, 
      #{createdBy,jdbcType=VARCHAR}, #{updatedBy,jdbcType=VARCHAR}, #{updateTime,jdbcType=TIMESTAMP}
      )
  </insert>
  <insert id="insertSelective" parameterType="com.qdbank.mall.model.user.UserInfoDO">
    insert into UMS_ADMIN
    <trim prefix="(" suffix=")" suffixOverrides=",">
      <if test="id != null">
        ID,
      </if>
      <if test="username != null">
        USERNAME,
      </if>
      <if test="password != null">
        PASSWORD,
      </if>
      <if test="icon != null">
        ICON,
      </if>
      <if test="email != null">
        EMAIL,
      </if>
      <if test="nickName != null">
        NICK_NAME,
      </if>
      <if test="note != null">
        NOTE,
      </if>
      <if test="createTime != null">
        CREATE_TIME,
      </if>
      <if test="loginTime != null">
        LOGIN_TIME,
      </if>
      <if test="status != null">
        STATUS,
      </if>
      <if test="deptno != null">
        DEPTNO,
      </if>
      <if test="mobile != null">
        MOBILE,
      </if>
      <if test="createdBy != null">
        CREATED_BY,
      </if>
      <if test="updatedBy != null">
        UPDATED_BY,
      </if>
      <if test="updateTime != null">
        UPDATE_TIME,
      </if>
    </trim>
    <trim prefix="values (" suffix=")" suffixOverrides=",">
      <if test="id != null">
        #{id,jdbcType=DECIMAL},
      </if>
      <if test="username != null">
        #{username,jdbcType=VARCHAR},
      </if>
      <if test="password != null">
        #{password,jdbcType=VARCHAR},
      </if>
      <if test="icon != null">
        #{icon,jdbcType=VARCHAR},
      </if>
      <if test="email != null">
        #{email,jdbcType=VARCHAR},
      </if>
      <if test="nickName != null">
        #{nickName,jdbcType=VARCHAR},
      </if>
      <if test="note != null">
        #{note,jdbcType=VARCHAR},
      </if>
      <if test="createTime != null">
        #{createTime,jdbcType=TIMESTAMP},
      </if>
      <if test="loginTime != null">
        #{loginTime,jdbcType=TIMESTAMP},
      </if>
      <if test="status != null">
        #{status,jdbcType=DECIMAL},
      </if>
      <if test="deptno != null">
        #{deptno,jdbcType=DECIMAL},
      </if>
      <if test="mobile != null">
        #{mobile,jdbcType=VARCHAR},
      </if>
      <if test="createdBy != null">
        #{createdBy,jdbcType=VARCHAR},
      </if>
      <if test="updatedBy != null">
        #{updatedBy,jdbcType=VARCHAR},
      </if>
      <if test="updateTime != null">
        #{updateTime,jdbcType=TIMESTAMP},
      </if>
    </trim>
  </insert>
  <select id="countByExample" parameterType="com.qdbank.mall.model.user.UserInfoDOExample" resultType="java.lang.Long">
    select count(*) from UMS_ADMIN
    <if test="_parameter != null">
      <include refid="Example_Where_Clause" />
    </if>
  </select>
  <update id="updateByExampleSelective" parameterType="map">
    update UMS_ADMIN
    <set>
      <if test="record.id != null">
        ID = #{record.id,jdbcType=DECIMAL},
      </if>
      <if test="record.username != null">
        USERNAME = #{record.username,jdbcType=VARCHAR},
      </if>
      <if test="record.password != null">
        PASSWORD = #{record.password,jdbcType=VARCHAR},
      </if>
      <if test="record.icon != null">
        ICON = #{record.icon,jdbcType=VARCHAR},
      </if>
      <if test="record.email != null">
        EMAIL = #{record.email,jdbcType=VARCHAR},
      </if>
      <if test="record.nickName != null">
        NICK_NAME = #{record.nickName,jdbcType=VARCHAR},
      </if>
      <if test="record.note != null">
        NOTE = #{record.note,jdbcType=VARCHAR},
      </if>
      <if test="record.createTime != null">
        CREATE_TIME = #{record.createTime,jdbcType=TIMESTAMP},
      </if>
      <if test="record.loginTime != null">
        LOGIN_TIME = #{record.loginTime,jdbcType=TIMESTAMP},
      </if>
      <if test="record.status != null">
        STATUS = #{record.status,jdbcType=DECIMAL},
      </if>
      <if test="record.deptno != null">
        DEPTNO = #{record.deptno,jdbcType=DECIMAL},
      </if>
      <if test="record.mobile != null">
        MOBILE = #{record.mobile,jdbcType=VARCHAR},
      </if>
      <if test="record.createdBy != null">
        CREATED_BY = #{record.createdBy,jdbcType=VARCHAR},
      </if>
      <if test="record.updatedBy != null">
        UPDATED_BY = #{record.updatedBy,jdbcType=VARCHAR},
      </if>
      <if test="record.updateTime != null">
        UPDATE_TIME = #{record.updateTime,jdbcType=TIMESTAMP},
      </if>
    </set>
    <if test="_parameter != null">
      <include refid="Update_By_Example_Where_Clause" />
    </if>
  </update>
  <update id="updateByExample" parameterType="map">
    update UMS_ADMIN
    set ID = #{record.id,jdbcType=DECIMAL},
      USERNAME = #{record.username,jdbcType=VARCHAR},
      PASSWORD = #{record.password,jdbcType=VARCHAR},
      ICON = #{record.icon,jdbcType=VARCHAR},
      EMAIL = #{record.email,jdbcType=VARCHAR},
      NICK_NAME = #{record.nickName,jdbcType=VARCHAR},
      NOTE = #{record.note,jdbcType=VARCHAR},
      CREATE_TIME = #{record.createTime,jdbcType=TIMESTAMP},
      LOGIN_TIME = #{record.loginTime,jdbcType=TIMESTAMP},
      STATUS = #{record.status,jdbcType=DECIMAL},
      DEPTNO = #{record.deptno,jdbcType=DECIMAL},
      MOBILE = #{record.mobile,jdbcType=VARCHAR},
      CREATED_BY = #{record.createdBy,jdbcType=VARCHAR},
      UPDATED_BY = #{record.updatedBy,jdbcType=VARCHAR},
      UPDATE_TIME = #{record.updateTime,jdbcType=TIMESTAMP}
    <if test="_parameter != null">
      <include refid="Update_By_Example_Where_Clause" />
    </if>
  </update>
  <update id="updateByPrimaryKeySelective" parameterType="com.qdbank.mall.model.user.UserInfoDO">
    update UMS_ADMIN
    <set>
      <if test="username != null">
        USERNAME = #{username,jdbcType=VARCHAR},
      </if>
      <if test="password != null">
        PASSWORD = #{password,jdbcType=VARCHAR},
      </if>
      <if test="icon != null">
        ICON = #{icon,jdbcType=VARCHAR},
      </if>
      <if test="email != null">
        EMAIL = #{email,jdbcType=VARCHAR},
      </if>
      <if test="nickName != null">
        NICK_NAME = #{nickName,jdbcType=VARCHAR},
      </if>
      <if test="note != null">
        NOTE = #{note,jdbcType=VARCHAR},
      </if>
      <if test="createTime != null">
        CREATE_TIME = #{createTime,jdbcType=TIMESTAMP},
      </if>
      <if test="loginTime != null">
        LOGIN_TIME = #{loginTime,jdbcType=TIMESTAMP},
      </if>
      <if test="status != null">
        STATUS = #{status,jdbcType=DECIMAL},
      </if>
      <if test="deptno != null">
        DEPTNO = #{deptno,jdbcType=DECIMAL},
      </if>
      <if test="mobile != null">
        MOBILE = #{mobile,jdbcType=VARCHAR},
      </if>
      <if test="createdBy != null">
        CREATED_BY = #{createdBy,jdbcType=VARCHAR},
      </if>
      <if test="updatedBy != null">
        UPDATED_BY = #{updatedBy,jdbcType=VARCHAR},
      </if>
      <if test="updateTime != null">
        UPDATE_TIME = #{updateTime,jdbcType=TIMESTAMP},
      </if>
    </set>
    where ID = #{id,jdbcType=DECIMAL}
  </update>
  <update id="updateByPrimaryKey" parameterType="com.qdbank.mall.model.user.UserInfoDO">
    update UMS_ADMIN
    set USERNAME = #{username,jdbcType=VARCHAR},
      PASSWORD = #{password,jdbcType=VARCHAR},
      ICON = #{icon,jdbcType=VARCHAR},
      EMAIL = #{email,jdbcType=VARCHAR},
      NICK_NAME = #{nickName,jdbcType=VARCHAR},
      NOTE = #{note,jdbcType=VARCHAR},
      CREATE_TIME = #{createTime,jdbcType=TIMESTAMP},
      LOGIN_TIME = #{loginTime,jdbcType=TIMESTAMP},
      STATUS = #{status,jdbcType=DECIMAL},
      DEPTNO = #{deptno,jdbcType=DECIMAL},
      MOBILE = #{mobile,jdbcType=VARCHAR},
      CREATED_BY = #{createdBy,jdbcType=VARCHAR},
      UPDATED_BY = #{updatedBy,jdbcType=VARCHAR},
      UPDATE_TIME = #{updateTime,jdbcType=TIMESTAMP}
    where ID = #{id,jdbcType=DECIMAL}
  </update>
</mapper>