<?xml version="1.0" encoding="UTF-8"?>
<!DOCTYPE mapper PUBLIC "-//mybatis.org//DTD Mapper 3.0//EN" "http://mybatis.org/dtd/mybatis-3-mapper.dtd">
<mapper namespace="com.qdbank.mall.mapper.integralcoupon.IntegralcouponDOMapper">
  <resultMap id="BaseResultMap" type="com.qdbank.mall.model.integralcoupon.IntegralcouponDO">
    <id column="ID" jdbcType="DECIMAL" property="id" />
    <result column="COUPON_TYPE" jdbcType="DECIMAL" property="couponType" />
    <result column="COUPON_NAME" jdbcType="VARCHAR" property="couponName" />
    <result column="COUPON_RULE_DESCRIPTION" jdbcType="VARCHAR" property="couponRuleDescription" />
    <result column="COUPON_VALUE" jdbcType="DECIMAL" property="couponValue" />
    <result column="FACE_VALUE" jdbcType="DECIMAL" property="faceValue" />
    <result column="EXPIRE_DATE" jdbcType="DECIMAL" property="expireDate" />
    <result column="PIC_URL" jdbcType="VARCHAR" property="picUrl" />
    <result column="PRODUCT_TYPE" jdbcType="DECIMAL" property="productType" />
    <result column="PRODUCT_ID" jdbcType="DECIMAL" property="productId" />
    <result column="SKU_ID" jdbcType="DECIMAL" property="skuId" />
    <result column="CONVERT_TOTAL" jdbcType="DECIMAL" property="convertTotal" />
    <result column="USE_TOTAL" jdbcType="DECIMAL" property="useTotal" />
    <result column="EXPIRE_TOTAL" jdbcType="DECIMAL" property="expireTotal" />
    <result column="STATUS" jdbcType="DECIMAL" property="status" />
    <result column="CREATE_TIME" jdbcType="TIMESTAMP" property="createTime" />
    <result column="UPDATE_TIME" jdbcType="TIMESTAMP" property="updateTime" />
    <result column="CREATED_BY" jdbcType="VARCHAR" property="createdBy" />
    <result column="UPDATED_BY" jdbcType="VARCHAR" property="updatedBy" />
  </resultMap>
  <sql id="Example_Where_Clause">
    <where>
      <foreach collection="oredCriteria" item="criteria" separator="or">
        <if test="criteria.valid">
          <trim prefix="(" prefixOverrides="and" suffix=")">
            <foreach collection="criteria.criteria" item="criterion">
              <choose>
                <when test="criterion.noValue">
                  and ${criterion.condition}
                </when>
                <when test="criterion.singleValue">
                  and ${criterion.condition} #{criterion.value}
                </when>
                <when test="criterion.betweenValue">
                  and ${criterion.condition} #{criterion.value} and #{criterion.secondValue}
                </when>
                <when test="criterion.listValue">
                  and ${criterion.condition}
                  <foreach close=")" collection="criterion.value" item="listItem" open="(" separator=",">
                    #{listItem}
                  </foreach>
                </when>
              </choose>
            </foreach>
          </trim>
        </if>
      </foreach>
    </where>
  </sql>
  <sql id="Update_By_Example_Where_Clause">
    <where>
      <foreach collection="example.oredCriteria" item="criteria" separator="or">
        <if test="criteria.valid">
          <trim prefix="(" prefixOverrides="and" suffix=")">
            <foreach collection="criteria.criteria" item="criterion">
              <choose>
                <when test="criterion.noValue">
                  and ${criterion.condition}
                </when>
                <when test="criterion.singleValue">
                  and ${criterion.condition} #{criterion.value}
                </when>
                <when test="criterion.betweenValue">
                  and ${criterion.condition} #{criterion.value} and #{criterion.secondValue}
                </when>
                <when test="criterion.listValue">
                  and ${criterion.condition}
                  <foreach close=")" collection="criterion.value" item="listItem" open="(" separator=",">
                    #{listItem}
                  </foreach>
                </when>
              </choose>
            </foreach>
          </trim>
        </if>
      </foreach>
    </where>
  </sql>
  <sql id="Base_Column_List">
    ID, COUPON_TYPE, COUPON_NAME, COUPON_RULE_DESCRIPTION, COUPON_VALUE, FACE_VALUE, 
    EXPIRE_DATE, PIC_URL, PRODUCT_TYPE, PRODUCT_ID, SKU_ID, CONVERT_TOTAL, USE_TOTAL, 
    EXPIRE_TOTAL, STATUS, CREATE_TIME, UPDATE_TIME, CREATED_BY, UPDATED_BY
  </sql>
  <select id="selectByExample" parameterType="com.qdbank.mall.model.integralcoupon.IntegralcouponDOExample" resultMap="BaseResultMap">
    select
    <if test="distinct">
      distinct
    </if>
    'true' as QUERYID,
    <include refid="Base_Column_List" />
    from SMS_INTEGRAL_COUPON
    <if test="_parameter != null">
      <include refid="Example_Where_Clause" />
    </if>
    <if test="orderByClause != null">
      order by ${orderByClause}
    </if>
  </select>
  <select id="selectByPrimaryKey" parameterType="java.lang.Long" resultMap="BaseResultMap">
    select 
    <include refid="Base_Column_List" />
    from SMS_INTEGRAL_COUPON
    where ID = #{id,jdbcType=DECIMAL}
  </select>
  <delete id="deleteByPrimaryKey" parameterType="java.lang.Long">
    delete from SMS_INTEGRAL_COUPON
    where ID = #{id,jdbcType=DECIMAL}
  </delete>
  <delete id="deleteByExample" parameterType="com.qdbank.mall.model.integralcoupon.IntegralcouponDOExample">
    delete from SMS_INTEGRAL_COUPON
    <if test="_parameter != null">
      <include refid="Example_Where_Clause" />
    </if>
  </delete>
  <insert id="insert" parameterType="com.qdbank.mall.model.integralcoupon.IntegralcouponDO">
    insert into SMS_INTEGRAL_COUPON (ID, COUPON_TYPE, COUPON_NAME, 
      COUPON_RULE_DESCRIPTION, COUPON_VALUE, FACE_VALUE, 
      EXPIRE_DATE, PIC_URL, PRODUCT_TYPE, 
      PRODUCT_ID, SKU_ID, CONVERT_TOTAL, 
      USE_TOTAL, EXPIRE_TOTAL, STATUS, 
      CREATE_TIME, UPDATE_TIME, CREATED_BY, 
      UPDATED_BY)
    values (#{id,jdbcType=DECIMAL}, #{couponType,jdbcType=DECIMAL}, #{couponName,jdbcType=VARCHAR}, 
      #{couponRuleDescription,jdbcType=VARCHAR}, #{couponValue,jdbcType=DECIMAL}, #{faceValue,jdbcType=DECIMAL}, 
      #{expireDate,jdbcType=DECIMAL}, #{picUrl,jdbcType=VARCHAR}, #{productType,jdbcType=DECIMAL}, 
      #{productId,jdbcType=DECIMAL}, #{skuId,jdbcType=DECIMAL}, #{convertTotal,jdbcType=DECIMAL}, 
      #{useTotal,jdbcType=DECIMAL}, #{expireTotal,jdbcType=DECIMAL}, #{status,jdbcType=DECIMAL}, 
      #{createTime,jdbcType=TIMESTAMP}, #{updateTime,jdbcType=TIMESTAMP}, #{createdBy,jdbcType=VARCHAR}, 
      #{updatedBy,jdbcType=VARCHAR})
  </insert>
  <insert id="insertSelective" parameterType="com.qdbank.mall.model.integralcoupon.IntegralcouponDO">
    insert into SMS_INTEGRAL_COUPON
    <trim prefix="(" suffix=")" suffixOverrides=",">
      <if test="id != null">
        ID,
      </if>
      <if test="couponType != null">
        COUPON_TYPE,
      </if>
      <if test="couponName != null">
        COUPON_NAME,
      </if>
      <if test="couponRuleDescription != null">
        COUPON_RULE_DESCRIPTION,
      </if>
      <if test="couponValue != null">
        COUPON_VALUE,
      </if>
      <if test="faceValue != null">
        FACE_VALUE,
      </if>
      <if test="expireDate != null">
        EXPIRE_DATE,
      </if>
      <if test="picUrl != null">
        PIC_URL,
      </if>
      <if test="productType != null">
        PRODUCT_TYPE,
      </if>
      <if test="productId != null">
        PRODUCT_ID,
      </if>
      <if test="skuId != null">
        SKU_ID,
      </if>
      <if test="convertTotal != null">
        CONVERT_TOTAL,
      </if>
      <if test="useTotal != null">
        USE_TOTAL,
      </if>
      <if test="expireTotal != null">
        EXPIRE_TOTAL,
      </if>
      <if test="status != null">
        STATUS,
      </if>
      <if test="createTime != null">
        CREATE_TIME,
      </if>
      <if test="updateTime != null">
        UPDATE_TIME,
      </if>
      <if test="createdBy != null">
        CREATED_BY,
      </if>
      <if test="updatedBy != null">
        UPDATED_BY,
      </if>
    </trim>
    <trim prefix="values (" suffix=")" suffixOverrides=",">
      <if test="id != null">
        #{id,jdbcType=DECIMAL},
      </if>
      <if test="couponType != null">
        #{couponType,jdbcType=DECIMAL},
      </if>
      <if test="couponName != null">
        #{couponName,jdbcType=VARCHAR},
      </if>
      <if test="couponRuleDescription != null">
        #{couponRuleDescription,jdbcType=VARCHAR},
      </if>
      <if test="couponValue != null">
        #{couponValue,jdbcType=DECIMAL},
      </if>
      <if test="faceValue != null">
        #{faceValue,jdbcType=DECIMAL},
      </if>
      <if test="expireDate != null">
        #{expireDate,jdbcType=DECIMAL},
      </if>
      <if test="picUrl != null">
        #{picUrl,jdbcType=VARCHAR},
      </if>
      <if test="productType != null">
        #{productType,jdbcType=DECIMAL},
      </if>
      <if test="productId != null">
        #{productId,jdbcType=DECIMAL},
      </if>
      <if test="skuId != null">
        #{skuId,jdbcType=DECIMAL},
      </if>
      <if test="convertTotal != null">
        #{convertTotal,jdbcType=DECIMAL},
      </if>
      <if test="useTotal != null">
        #{useTotal,jdbcType=DECIMAL},
      </if>
      <if test="expireTotal != null">
        #{expireTotal,jdbcType=DECIMAL},
      </if>
      <if test="status != null">
        #{status,jdbcType=DECIMAL},
      </if>
      <if test="createTime != null">
        #{createTime,jdbcType=TIMESTAMP},
      </if>
      <if test="updateTime != null">
        #{updateTime,jdbcType=TIMESTAMP},
      </if>
      <if test="createdBy != null">
        #{createdBy,jdbcType=VARCHAR},
      </if>
      <if test="updatedBy != null">
        #{updatedBy,jdbcType=VARCHAR},
      </if>
    </trim>
  </insert>
  <select id="countByExample" parameterType="com.qdbank.mall.model.integralcoupon.IntegralcouponDOExample" resultType="java.lang.Long">
    select count(*) from SMS_INTEGRAL_COUPON
    <if test="_parameter != null">
      <include refid="Example_Where_Clause" />
    </if>
  </select>
  <update id="updateByExampleSelective" parameterType="map">
    update SMS_INTEGRAL_COUPON
    <set>
      <if test="record.id != null">
        ID = #{record.id,jdbcType=DECIMAL},
      </if>
      <if test="record.couponType != null">
        COUPON_TYPE = #{record.couponType,jdbcType=DECIMAL},
      </if>
      <if test="record.couponName != null">
        COUPON_NAME = #{record.couponName,jdbcType=VARCHAR},
      </if>
      <if test="record.couponRuleDescription != null">
        COUPON_RULE_DESCRIPTION = #{record.couponRuleDescription,jdbcType=VARCHAR},
      </if>
      <if test="record.couponValue != null">
        COUPON_VALUE = #{record.couponValue,jdbcType=DECIMAL},
      </if>
      <if test="record.faceValue != null">
        FACE_VALUE = #{record.faceValue,jdbcType=DECIMAL},
      </if>
      <if test="record.expireDate != null">
        EXPIRE_DATE = #{record.expireDate,jdbcType=DECIMAL},
      </if>
      <if test="record.picUrl != null">
        PIC_URL = #{record.picUrl,jdbcType=VARCHAR},
      </if>
      <if test="record.productType != null">
        PRODUCT_TYPE = #{record.productType,jdbcType=DECIMAL},
      </if>
      <if test="record.productId != null">
        PRODUCT_ID = #{record.productId,jdbcType=DECIMAL},
      </if>
      <if test="record.skuId != null">
        SKU_ID = #{record.skuId,jdbcType=DECIMAL},
      </if>
      <if test="record.convertTotal != null">
        CONVERT_TOTAL = #{record.convertTotal,jdbcType=DECIMAL},
      </if>
      <if test="record.useTotal != null">
        USE_TOTAL = #{record.useTotal,jdbcType=DECIMAL},
      </if>
      <if test="record.expireTotal != null">
        EXPIRE_TOTAL = #{record.expireTotal,jdbcType=DECIMAL},
      </if>
      <if test="record.status != null">
        STATUS = #{record.status,jdbcType=DECIMAL},
      </if>
      <if test="record.createTime != null">
        CREATE_TIME = #{record.createTime,jdbcType=TIMESTAMP},
      </if>
      <if test="record.updateTime != null">
        UPDATE_TIME = #{record.updateTime,jdbcType=TIMESTAMP},
      </if>
      <if test="record.createdBy != null">
        CREATED_BY = #{record.createdBy,jdbcType=VARCHAR},
      </if>
      <if test="record.updatedBy != null">
        UPDATED_BY = #{record.updatedBy,jdbcType=VARCHAR},
      </if>
    </set>
    <if test="_parameter != null">
      <include refid="Update_By_Example_Where_Clause" />
    </if>
  </update>
  <update id="updateByExample" parameterType="map">
    update SMS_INTEGRAL_COUPON
    set ID = #{record.id,jdbcType=DECIMAL},
      COUPON_TYPE = #{record.couponType,jdbcType=DECIMAL},
      COUPON_NAME = #{record.couponName,jdbcType=VARCHAR},
      COUPON_RULE_DESCRIPTION = #{record.couponRuleDescription,jdbcType=VARCHAR},
      COUPON_VALUE = #{record.couponValue,jdbcType=DECIMAL},
      FACE_VALUE = #{record.faceValue,jdbcType=DECIMAL},
      EXPIRE_DATE = #{record.expireDate,jdbcType=DECIMAL},
      PIC_URL = #{record.picUrl,jdbcType=VARCHAR},
      PRODUCT_TYPE = #{record.productType,jdbcType=DECIMAL},
      PRODUCT_ID = #{record.productId,jdbcType=DECIMAL},
      SKU_ID = #{record.skuId,jdbcType=DECIMAL},
      CONVERT_TOTAL = #{record.convertTotal,jdbcType=DECIMAL},
      USE_TOTAL = #{record.useTotal,jdbcType=DECIMAL},
      EXPIRE_TOTAL = #{record.expireTotal,jdbcType=DECIMAL},
      STATUS = #{record.status,jdbcType=DECIMAL},
      CREATE_TIME = #{record.createTime,jdbcType=TIMESTAMP},
      UPDATE_TIME = #{record.updateTime,jdbcType=TIMESTAMP},
      CREATED_BY = #{record.createdBy,jdbcType=VARCHAR},
      UPDATED_BY = #{record.updatedBy,jdbcType=VARCHAR}
    <if test="_parameter != null">
      <include refid="Update_By_Example_Where_Clause" />
    </if>
  </update>
  <update id="updateByPrimaryKeySelective" parameterType="com.qdbank.mall.model.integralcoupon.IntegralcouponDO">
    update SMS_INTEGRAL_COUPON
    <set>
      <if test="couponType != null">
        COUPON_TYPE = #{couponType,jdbcType=DECIMAL},
      </if>
      <if test="couponName != null">
        COUPON_NAME = #{couponName,jdbcType=VARCHAR},
      </if>
      <if test="couponRuleDescription != null">
        COUPON_RULE_DESCRIPTION = #{couponRuleDescription,jdbcType=VARCHAR},
      </if>
      <if test="couponValue != null">
        COUPON_VALUE = #{couponValue,jdbcType=DECIMAL},
      </if>
      <if test="faceValue != null">
        FACE_VALUE = #{faceValue,jdbcType=DECIMAL},
      </if>
      <if test="expireDate != null">
        EXPIRE_DATE = #{expireDate,jdbcType=DECIMAL},
      </if>
      <if test="picUrl != null">
        PIC_URL = #{picUrl,jdbcType=VARCHAR},
      </if>
      <if test="productType != null">
        PRODUCT_TYPE = #{productType,jdbcType=DECIMAL},
      </if>
      <if test="productId != null">
        PRODUCT_ID = #{productId,jdbcType=DECIMAL},
      </if>
      <if test="skuId != null">
        SKU_ID = #{skuId,jdbcType=DECIMAL},
      </if>
      <if test="convertTotal != null">
        CONVERT_TOTAL = #{convertTotal,jdbcType=DECIMAL},
      </if>
      <if test="useTotal != null">
        USE_TOTAL = #{useTotal,jdbcType=DECIMAL},
      </if>
      <if test="expireTotal != null">
        EXPIRE_TOTAL = #{expireTotal,jdbcType=DECIMAL},
      </if>
      <if test="status != null">
        STATUS = #{status,jdbcType=DECIMAL},
      </if>
      <if test="createTime != null">
        CREATE_TIME = #{createTime,jdbcType=TIMESTAMP},
      </if>
      <if test="updateTime != null">
        UPDATE_TIME = #{updateTime,jdbcType=TIMESTAMP},
      </if>
      <if test="createdBy != null">
        CREATED_BY = #{createdBy,jdbcType=VARCHAR},
      </if>
      <if test="updatedBy != null">
        UPDATED_BY = #{updatedBy,jdbcType=VARCHAR},
      </if>
    </set>
    where ID = #{id,jdbcType=DECIMAL}
  </update>
  <update id="updateByPrimaryKey" parameterType="com.qdbank.mall.model.integralcoupon.IntegralcouponDO">
    update SMS_INTEGRAL_COUPON
    set COUPON_TYPE = #{couponType,jdbcType=DECIMAL},
      COUPON_NAME = #{couponName,jdbcType=VARCHAR},
      COUPON_RULE_DESCRIPTION = #{couponRuleDescription,jdbcType=VARCHAR},
      COUPON_VALUE = #{couponValue,jdbcType=DECIMAL},
      FACE_VALUE = #{faceValue,jdbcType=DECIMAL},
      EXPIRE_DATE = #{expireDate,jdbcType=DECIMAL},
      PIC_URL = #{picUrl,jdbcType=VARCHAR},
      PRODUCT_TYPE = #{productType,jdbcType=DECIMAL},
      PRODUCT_ID = #{productId,jdbcType=DECIMAL},
      SKU_ID = #{skuId,jdbcType=DECIMAL},
      CONVERT_TOTAL = #{convertTotal,jdbcType=DECIMAL},
      USE_TOTAL = #{useTotal,jdbcType=DECIMAL},
      EXPIRE_TOTAL = #{expireTotal,jdbcType=DECIMAL},
      STATUS = #{status,jdbcType=DECIMAL},
      CREATE_TIME = #{createTime,jdbcType=TIMESTAMP},
      UPDATE_TIME = #{updateTime,jdbcType=TIMESTAMP},
      CREATED_BY = #{createdBy,jdbcType=VARCHAR},
      UPDATED_BY = #{updatedBy,jdbcType=VARCHAR}
    where ID = #{id,jdbcType=DECIMAL}
  </update>
</mapper>