<?xml version="1.0" encoding="UTF-8"?>
<!DOCTYPE mapper PUBLIC "-//mybatis.org//DTD Mapper 3.0//EN" "http://mybatis.org/dtd/mybatis-3-mapper.dtd">
<mapper namespace="com.qdbank.mall.mapper.cmsresource.CmsResourceDOMapper">
  <resultMap id="BaseResultMap" type="com.qdbank.mall.model.user.UmsResourceDO">
    <id column="ID" jdbcType="DECIMAL" property="id" />
    <result column="RESOURCE_URL" jdbcType="VARCHAR" property="resourceUrl" />
    <result column="RESOURCE_NAME" jdbcType="VARCHAR" property="resourceName" />
    <result column="RESOURCE_DESCRIPTION" jdbcType="VARCHAR" property="resourceDescription" />
    <result column="CATEGORY_ID" jdbcType="DECIMAL" property="categoryId" />
    <result column="CREATE_TIME" jdbcType="TIMESTAMP" property="createTime" />
    <result column="UPDATE_TIME" jdbcType="TIMESTAMP" property="updateTime" />
    <result column="CREATED_BY" jdbcType="VARCHAR" property="createdBy" />
    <result column="UPDATED_BY" jdbcType="VARCHAR" property="updatedBy" />
  </resultMap>
  <sql id="Example_Where_Clause">
    <where>
      <foreach collection="oredCriteria" item="criteria" separator="or">
        <if test="criteria.valid">
          <trim prefix="(" prefixOverrides="and" suffix=")">
            <foreach collection="criteria.criteria" item="criterion">
              <choose>
                <when test="criterion.noValue">
                  and ${criterion.condition}
                </when>
                <when test="criterion.singleValue">
                  and ${criterion.condition} #{criterion.value}
                </when>
                <when test="criterion.betweenValue">
                  and ${criterion.condition} #{criterion.value} and #{criterion.secondValue}
                </when>
                <when test="criterion.listValue">
                  and ${criterion.condition}
                  <foreach close=")" collection="criterion.value" item="listItem" open="(" separator=",">
                    #{listItem}
                  </foreach>
                </when>
              </choose>
            </foreach>
          </trim>
        </if>
      </foreach>
    </where>
  </sql>
  <sql id="Update_By_Example_Where_Clause">
    <where>
      <foreach collection="example.oredCriteria" item="criteria" separator="or">
        <if test="criteria.valid">
          <trim prefix="(" prefixOverrides="and" suffix=")">
            <foreach collection="criteria.criteria" item="criterion">
              <choose>
                <when test="criterion.noValue">
                  and ${criterion.condition}
                </when>
                <when test="criterion.singleValue">
                  and ${criterion.condition} #{criterion.value}
                </when>
                <when test="criterion.betweenValue">
                  and ${criterion.condition} #{criterion.value} and #{criterion.secondValue}
                </when>
                <when test="criterion.listValue">
                  and ${criterion.condition}
                  <foreach close=")" collection="criterion.value" item="listItem" open="(" separator=",">
                    #{listItem}
                  </foreach>
                </when>
              </choose>
            </foreach>
          </trim>
        </if>
      </foreach>
    </where>
  </sql>
  <sql id="Base_Column_List">
    ID, RESOURCE_URL, RESOURCE_NAME, RESOURCE_DESCRIPTION, CATEGORY_ID, CREATE_TIME, 
    UPDATE_TIME, CREATED_BY, UPDATED_BY
  </sql>
  <select id="selectByExample" parameterType="com.qdbank.mall.model.user.UmsResourceDOExample" resultMap="BaseResultMap">
    select
    <if test="distinct">
      distinct
    </if>
    'true' as QUERYID,
    <include refid="Base_Column_List" />
    from CMS_RESOURCE
    <if test="_parameter != null">
      <include refid="Example_Where_Clause" />
    </if>
    <if test="orderByClause != null">
      order by ${orderByClause}
    </if>
  </select>
  <select id="selectByPrimaryKey" parameterType="java.lang.Long" resultMap="BaseResultMap">
    select 
    <include refid="Base_Column_List" />
    from CMS_RESOURCE
    where ID = #{id,jdbcType=DECIMAL}
  </select>
  <delete id="deleteByPrimaryKey" parameterType="java.lang.Long">
    delete from CMS_RESOURCE
    where ID = #{id,jdbcType=DECIMAL}
  </delete>
  <delete id="deleteByExample" parameterType="com.qdbank.mall.model.user.UmsResourceDOExample">
    delete from CMS_RESOURCE
    <if test="_parameter != null">
      <include refid="Example_Where_Clause" />
    </if>
  </delete>
  <insert id="insert" parameterType="com.qdbank.mall.model.user.UmsResourceDO">
    insert into CMS_RESOURCE (ID, RESOURCE_URL, RESOURCE_NAME,
      RESOURCE_DESCRIPTION, CATEGORY_ID, CREATE_TIME, 
      UPDATE_TIME, CREATED_BY, UPDATED_BY
      )
    values (#{id,jdbcType=DECIMAL}, #{resourceUrl,jdbcType=VARCHAR}, #{resourceName,jdbcType=VARCHAR}, 
      #{resourceDescription,jdbcType=VARCHAR}, #{categoryId,jdbcType=DECIMAL}, #{createTime,jdbcType=TIMESTAMP}, 
      #{updateTime,jdbcType=TIMESTAMP}, #{createdBy,jdbcType=VARCHAR}, #{updatedBy,jdbcType=VARCHAR}
      )
  </insert>
  <insert id="insertSelective" parameterType="com.qdbank.mall.model.user.UmsResourceDO">
    insert into CMS_RESOURCE
    <trim prefix="(" suffix=")" suffixOverrides=",">
      <if test="id != null">
        ID,
      </if>
      <if test="resourceUrl != null">
        RESOURCE_URL,
      </if>
      <if test="resourceName != null">
        RESOURCE_NAME,
      </if>
      <if test="resourceDescription != null">
        RESOURCE_DESCRIPTION,
      </if>
      <if test="categoryId != null">
        CATEGORY_ID,
      </if>
      <if test="createTime != null">
        CREATE_TIME,
      </if>
      <if test="updateTime != null">
        UPDATE_TIME,
      </if>
      <if test="createdBy != null">
        CREATED_BY,
      </if>
      <if test="updatedBy != null">
        UPDATED_BY,
      </if>
    </trim>
    <trim prefix="values (" suffix=")" suffixOverrides=",">
      <if test="id != null">
        #{id,jdbcType=DECIMAL},
      </if>
      <if test="resourceUrl != null">
        #{resourceUrl,jdbcType=VARCHAR},
      </if>
      <if test="resourceName != null">
        #{resourceName,jdbcType=VARCHAR},
      </if>
      <if test="resourceDescription != null">
        #{resourceDescription,jdbcType=VARCHAR},
      </if>
      <if test="categoryId != null">
        #{categoryId,jdbcType=DECIMAL},
      </if>
      <if test="createTime != null">
        #{createTime,jdbcType=TIMESTAMP},
      </if>
      <if test="updateTime != null">
        #{updateTime,jdbcType=TIMESTAMP},
      </if>
      <if test="createdBy != null">
        #{createdBy,jdbcType=VARCHAR},
      </if>
      <if test="updatedBy != null">
        #{updatedBy,jdbcType=VARCHAR},
      </if>
    </trim>
  </insert>
  <select id="countByExample" parameterType="com.qdbank.mall.model.user.UmsResourceDOExample" resultType="java.lang.Long">
    select count(*) from CMS_RESOURCE
    <if test="_parameter != null">
      <include refid="Example_Where_Clause" />
    </if>
  </select>
  <update id="updateByExampleSelective" parameterType="map">
    update CMS_RESOURCE
    <set>
      <if test="record.id != null">
        ID = #{record.id,jdbcType=DECIMAL},
      </if>
      <if test="record.resourceUrl != null">
        RESOURCE_URL = #{record.resourceUrl,jdbcType=VARCHAR},
      </if>
      <if test="record.resourceName != null">
        RESOURCE_NAME = #{record.resourceName,jdbcType=VARCHAR},
      </if>
      <if test="record.resourceDescription != null">
        RESOURCE_DESCRIPTION = #{record.resourceDescription,jdbcType=VARCHAR},
      </if>
      <if test="record.categoryId != null">
        CATEGORY_ID = #{record.categoryId,jdbcType=DECIMAL},
      </if>
      <if test="record.createTime != null">
        CREATE_TIME = #{record.createTime,jdbcType=TIMESTAMP},
      </if>
      <if test="record.updateTime != null">
        UPDATE_TIME = #{record.updateTime,jdbcType=TIMESTAMP},
      </if>
      <if test="record.createdBy != null">
        CREATED_BY = #{record.createdBy,jdbcType=VARCHAR},
      </if>
      <if test="record.updatedBy != null">
        UPDATED_BY = #{record.updatedBy,jdbcType=VARCHAR},
      </if>
    </set>
    <if test="_parameter != null">
      <include refid="Update_By_Example_Where_Clause" />
    </if>
  </update>
  <update id="updateByExample" parameterType="map">
    update CMS_RESOURCE
    set ID = #{record.id,jdbcType=DECIMAL},
      RESOURCE_URL = #{record.resourceUrl,jdbcType=VARCHAR},
      RESOURCE_NAME = #{record.resourceName,jdbcType=VARCHAR},
      RESOURCE_DESCRIPTION = #{record.resourceDescription,jdbcType=VARCHAR},
      CATEGORY_ID = #{record.categoryId,jdbcType=DECIMAL},
      CREATE_TIME = #{record.createTime,jdbcType=TIMESTAMP},
      UPDATE_TIME = #{record.updateTime,jdbcType=TIMESTAMP},
      CREATED_BY = #{record.createdBy,jdbcType=VARCHAR},
      UPDATED_BY = #{record.updatedBy,jdbcType=VARCHAR}
    <if test="_parameter != null">
      <include refid="Update_By_Example_Where_Clause" />
    </if>
  </update>
  <update id="updateByPrimaryKeySelective" parameterType="com.qdbank.mall.model.user.UmsResourceDO">
    update CMS_RESOURCE
    <set>
      <if test="resourceUrl != null">
        RESOURCE_URL = #{resourceUrl,jdbcType=VARCHAR},
      </if>
      <if test="resourceName != null">
        RESOURCE_NAME = #{resourceName,jdbcType=VARCHAR},
      </if>
      <if test="resourceDescription != null">
        RESOURCE_DESCRIPTION = #{resourceDescription,jdbcType=VARCHAR},
      </if>
      <if test="categoryId != null">
        CATEGORY_ID = #{categoryId,jdbcType=DECIMAL},
      </if>
      <if test="createTime != null">
        CREATE_TIME = #{createTime,jdbcType=TIMESTAMP},
      </if>
      <if test="updateTime != null">
        UPDATE_TIME = #{updateTime,jdbcType=TIMESTAMP},
      </if>
      <if test="createdBy != null">
        CREATED_BY = #{createdBy,jdbcType=VARCHAR},
      </if>
      <if test="updatedBy != null">
        UPDATED_BY = #{updatedBy,jdbcType=VARCHAR},
      </if>
    </set>
    where ID = #{id,jdbcType=DECIMAL}
  </update>
  <update id="updateByPrimaryKey" parameterType="com.qdbank.mall.model.user.UmsResourceDO">
    update CMS_RESOURCE
    set RESOURCE_URL = #{resourceUrl,jdbcType=VARCHAR},
      RESOURCE_NAME = #{resourceName,jdbcType=VARCHAR},
      RESOURCE_DESCRIPTION = #{resourceDescription,jdbcType=VARCHAR},
      CATEGORY_ID = #{categoryId,jdbcType=DECIMAL},
      CREATE_TIME = #{createTime,jdbcType=TIMESTAMP},
      UPDATE_TIME = #{updateTime,jdbcType=TIMESTAMP},
      CREATED_BY = #{createdBy,jdbcType=VARCHAR},
      UPDATED_BY = #{updatedBy,jdbcType=VARCHAR}
    where ID = #{id,jdbcType=DECIMAL}
  </update>
</mapper>