<?xml version="1.0" encoding="UTF-8"?>
<!DOCTYPE mapper PUBLIC "-//mybatis.org//DTD Mapper 3.0//EN" "http://mybatis.org/dtd/mybatis-3-mapper.dtd">
<mapper namespace="com.qdbank.mall.mapper.role.UmsRolePermissionRelationMapper">
  <resultMap id="BaseResultMap" type="com.qdbank.mall.model.role.UmsRolePermissionRelation">
    <id column="id" jdbcType="BIGINT" property="id" />
    <result column="role_id" jdbcType="BIGINT" property="roleId" />
    <result column="permission_id" jdbcType="BIGINT" property="permissionId" />
    <result column="create_time" jdbcType="TIMESTAMP" property="createTime" />
    <result column="update_time" jdbcType="TIMESTAMP" property="updateTime" />
    <result column="created_by" jdbcType="VARCHAR" property="createdBy" />
    <result column="updated_by" jdbcType="VARCHAR" property="updatedBy" />
  </resultMap>
  <sql id="Example_Where_Clause">
    <where>
      <foreach collection="oredCriteria" item="criteria" separator="or">
        <if test="criteria.valid">
          <trim prefix="(" prefixOverrides="and" suffix=")">
            <foreach collection="criteria.criteria" item="criterion">
              <choose>
                <when test="criterion.noValue">
                  and ${criterion.condition}
                </when>
                <when test="criterion.singleValue">
                  and ${criterion.condition} #{criterion.value}
                </when>
                <when test="criterion.betweenValue">
                  and ${criterion.condition} #{criterion.value} and #{criterion.secondValue}
                </when>
                <when test="criterion.listValue">
                  and ${criterion.condition}
                  <foreach close=")" collection="criterion.value" item="listItem" open="(" separator=",">
                    #{listItem}
                  </foreach>
                </when>
              </choose>
            </foreach>
          </trim>
        </if>
      </foreach>
    </where>
  </sql>
  <sql id="Update_By_Example_Where_Clause">
    <where>
      <foreach collection="example.oredCriteria" item="criteria" separator="or">
        <if test="criteria.valid">
          <trim prefix="(" prefixOverrides="and" suffix=")">
            <foreach collection="criteria.criteria" item="criterion">
              <choose>
                <when test="criterion.noValue">
                  and ${criterion.condition}
                </when>
                <when test="criterion.singleValue">
                  and ${criterion.condition} #{criterion.value}
                </when>
                <when test="criterion.betweenValue">
                  and ${criterion.condition} #{criterion.value} and #{criterion.secondValue}
                </when>
                <when test="criterion.listValue">
                  and ${criterion.condition}
                  <foreach close=")" collection="criterion.value" item="listItem" open="(" separator=",">
                    #{listItem}
                  </foreach>
                </when>
              </choose>
            </foreach>
          </trim>
        </if>
      </foreach>
    </where>
  </sql>
  <sql id="Base_Column_List">
    id, role_id, permission_id,create_time,created_by,updated_by,update_time
  </sql>
  <select id="selectByExample" parameterType="com.qdbank.mall.model.role.UmsRolePermissionRelationExample" resultMap="BaseResultMap">
    select
    <if test="distinct">
      distinct
    </if>
    <include refid="Base_Column_List" />
    from ums_role_permission_relation
    <if test="_parameter != null">
      <include refid="Example_Where_Clause" />
    </if>
    <if test="orderByClause != null">
      order by ${orderByClause}
    </if>
  </select>
  <select id="selectByPrimaryKey" parameterType="java.lang.Long" resultMap="BaseResultMap">
    select 
    <include refid="Base_Column_List" />
    from ums_role_permission_relation
    where id = #{id,jdbcType=BIGINT}
  </select>
  <delete id="deleteByPrimaryKey" parameterType="java.lang.Long">
    delete from ums_role_permission_relation
    where id = #{id,jdbcType=BIGINT}
  </delete>
  <delete id="deleteByExample" parameterType="com.qdbank.mall.model.role.UmsRolePermissionRelationExample">
    delete from ums_role_permission_relation
    <if test="_parameter != null">
      <include refid="Example_Where_Clause" />
    </if>
  </delete>
  <insert id="insert" parameterType="com.qdbank.mall.model.role.UmsRolePermissionRelation">
    <selectKey keyProperty="id" order="AFTER" resultType="java.lang.Long">
      SELECT LAST_INSERT_ID()
    </selectKey>
    insert into ums_role_permission_relation (role_id, permission_id,create_time,created_by,updated_by,update_time)
    values (#{roleId,jdbcType=BIGINT}, #{permissionId,jdbcType=BIGINT},#{createTime,jdbcType=TIMESTAMP},#{updateTime,jdbcType=TIMESTAMP},#{createdBy,jdbcType=VARCHAR},#{updatedBy,jdbcType=VARCHAR})
  </insert>
  <insert id="insertSelective" parameterType="com.qdbank.mall.model.role.UmsRolePermissionRelation">
    <selectKey keyProperty="id" order="AFTER" resultType="java.lang.Long">
      SELECT LAST_INSERT_ID()
    </selectKey>
    insert into ums_role_permission_relation
    <trim prefix="(" suffix=")" suffixOverrides=",">
      <if test="roleId != null">
        role_id,
      </if>
      <if test="permissionId != null">
        permission_id,
      </if>
    </trim>
    <trim prefix="values (" suffix=")" suffixOverrides=",">
      <if test="roleId != null">
        #{roleId,jdbcType=BIGINT},
      </if>
      <if test="permissionId != null">
        #{permissionId,jdbcType=BIGINT},
      </if>
    </trim>
  </insert>
  <select id="countByExample" parameterType="com.qdbank.mall.model.role.UmsRolePermissionRelationExample" resultType="java.lang.Long">
    select count(*) from ums_role_permission_relation
    <if test="_parameter != null">
      <include refid="Example_Where_Clause" />
    </if>
  </select>
  <update id="updateByExampleSelective" parameterType="map">
    update ums_role_permission_relation
    <set>
      <if test="record.id != null">
        id = #{record.id,jdbcType=BIGINT},
      </if>
      <if test="record.roleId != null">
        role_id = #{record.roleId,jdbcType=BIGINT},
      </if>
      <if test="record.permissionId != null">
        permission_id = #{record.permissionId,jdbcType=BIGINT},
      </if>
    </set>
    <if test="_parameter != null">
      <include refid="Update_By_Example_Where_Clause" />
    </if>
  </update>
  <update id="updateByExample" parameterType="map">
    update ums_role_permission_relation
    set id = #{record.id,jdbcType=BIGINT},
      role_id = #{record.roleId,jdbcType=BIGINT},
      permission_id = #{record.permissionId,jdbcType=BIGINT}
    <if test="_parameter != null">
      <include refid="Update_By_Example_Where_Clause" />
    </if>
  </update>
  <update id="updateByPrimaryKeySelective" parameterType="com.qdbank.mall.model.role.UmsRolePermissionRelation">
    update ums_role_permission_relation
    <set>
      <if test="roleId != null">
        role_id = #{roleId,jdbcType=BIGINT},
      </if>
      <if test="permissionId != null">
        permission_id = #{permissionId,jdbcType=BIGINT},
      </if>
    </set>
    where id = #{id,jdbcType=BIGINT}
  </update>
  <update id="updateByPrimaryKey" parameterType="com.qdbank.mall.model.role.UmsRolePermissionRelation">
    update ums_role_permission_relation
    set role_id = #{roleId,jdbcType=BIGINT},
      permission_id = #{permissionId,jdbcType=BIGINT}
    where id = #{id,jdbcType=BIGINT}
  </update>
</mapper>