<?xml version="1.0" encoding="UTF-8"?>
<!DOCTYPE mapper PUBLIC "-//mybatis.org//DTD Mapper 3.0//EN" "http://mybatis.org/dtd/mybatis-3-mapper.dtd">
<mapper namespace="com.qdbank.mall.mapper.advertisement.AdvertisementDOMapper">
  <resultMap id="BaseResultMap" type="com.qdbank.mall.model.advertisement.AdvertisementDO">
    <id column="ID" jdbcType="DECIMAL" property="id" />
    <result column="MODULE_ID" jdbcType="DECIMAL" property="moduleId" />
    <result column="ADVERTISE_NAME" jdbcType="VARCHAR" property="advertiseName" />
    <result column="ADVERTISE_DESCRIPTION" jdbcType="VARCHAR" property="advertiseDescription" />
    <result column="ADVERTISMENT_LEVEL" jdbcType="DECIMAL" property="advertismentLevel" />
    <result column="START_TIME" jdbcType="TIMESTAMP" property="startTime" />
    <result column="END_TIME" jdbcType="TIMESTAMP" property="endTime" />
    <result column="JUMP_URL" jdbcType="VARCHAR" property="jumpUrl" />
    <result column="PIC_URL" jdbcType="VARCHAR" property="picUrl" />
    <result column="STATUS" jdbcType="DECIMAL" property="status" />
    <result column="CREATE_TIME" jdbcType="TIMESTAMP" property="createTime" />
    <result column="UPDATE_TIME" jdbcType="TIMESTAMP" property="updateTime" />
    <result column="CREATED_BY" jdbcType="VARCHAR" property="createdBy" />
    <result column="UPDATED_BY" jdbcType="VARCHAR" property="updatedBy" />
    <result column="GROUP_ID" jdbcType="VARCHAR" property="groupId"/>
  </resultMap>
  <sql id="Example_Where_Clause">
    <where>
      <foreach collection="oredCriteria" item="criteria" separator="or">
        <if test="criteria.valid">
          <trim prefix="(" prefixOverrides="and" suffix=")">
            <foreach collection="criteria.criteria" item="criterion">
              <choose>
                <when test="criterion.noValue">
                  and ${criterion.condition}
                </when>
                <when test="criterion.singleValue">
                  and ${criterion.condition} #{criterion.value}
                </when>
                <when test="criterion.betweenValue">
                  and ${criterion.condition} #{criterion.value} and #{criterion.secondValue}
                </when>
                <when test="criterion.listValue">
                  and ${criterion.condition}
                  <foreach close=")" collection="criterion.value" item="listItem" open="(" separator=",">
                    #{listItem}
                  </foreach>
                </when>
              </choose>
            </foreach>
          </trim>
        </if>
      </foreach>
    </where>
  </sql>
  <sql id="Update_By_Example_Where_Clause">
    <where>
      <foreach collection="example.oredCriteria" item="criteria" separator="or">
        <if test="criteria.valid">
          <trim prefix="(" prefixOverrides="and" suffix=")">
            <foreach collection="criteria.criteria" item="criterion">
              <choose>
                <when test="criterion.noValue">
                  and ${criterion.condition}
                </when>
                <when test="criterion.singleValue">
                  and ${criterion.condition} #{criterion.value}
                </when>
                <when test="criterion.betweenValue">
                  and ${criterion.condition} #{criterion.value} and #{criterion.secondValue}
                </when>
                <when test="criterion.listValue">
                  and ${criterion.condition}
                  <foreach close=")" collection="criterion.value" item="listItem" open="(" separator=",">
                    #{listItem}
                  </foreach>
                </when>
              </choose>
            </foreach>
          </trim>
        </if>
      </foreach>
    </where>
  </sql>
  <sql id="Base_Column_List">
    ID, MODULE_ID, ADVERTISE_NAME, ADVERTISE_DESCRIPTION, ADVERTISMENT_LEVEL, START_TIME, 
    END_TIME, JUMP_URL, PIC_URL, STATUS, CREATE_TIME, UPDATE_TIME, CREATED_BY, UPDATED_BY,GROUP_ID
  </sql>
  <select id="selectByExample" parameterType="com.qdbank.mall.model.advertisement.AdvertisementDOExample" resultMap="BaseResultMap">
    select
    <if test="distinct">
      distinct
    </if>
    'true' as QUERYID,
    <include refid="Base_Column_List" />
    from CMS_ADVERTISEMENT
    <if test="_parameter != null">
      <include refid="Example_Where_Clause" />
    </if>
    <if test="orderByClause != null">
      order by ${orderByClause}
    </if>
  </select>
  <select id="selectByPrimaryKey" parameterType="java.lang.Long" resultMap="BaseResultMap">
    select 
    <include refid="Base_Column_List" />
    from CMS_ADVERTISEMENT
    where ID = #{id,jdbcType=DECIMAL}
  </select>
  <delete id="deleteByPrimaryKey" parameterType="java.lang.Long">
    delete from CMS_ADVERTISEMENT
    where ID = #{id,jdbcType=DECIMAL}
  </delete>
  <delete id="deleteByExample" parameterType="com.qdbank.mall.model.advertisement.AdvertisementDOExample">
    delete from CMS_ADVERTISEMENT
    <if test="_parameter != null">
      <include refid="Example_Where_Clause" />
    </if>
  </delete>
  <insert id="insert" parameterType="com.qdbank.mall.model.advertisement.AdvertisementDO">
    insert into CMS_ADVERTISEMENT (ID, MODULE_ID, ADVERTISE_NAME, 
      ADVERTISE_DESCRIPTION, ADVERTISMENT_LEVEL, 
      START_TIME, END_TIME, JUMP_URL, 
      PIC_URL, STATUS, CREATE_TIME, 
      UPDATE_TIME, CREATED_BY, UPDATED_BY,GROUP_ID
      )
    values (#{id,jdbcType=DECIMAL}, #{moduleId,jdbcType=DECIMAL}, #{advertiseName,jdbcType=VARCHAR}, 
      #{advertiseDescription,jdbcType=VARCHAR}, #{advertismentLevel,jdbcType=DECIMAL}, 
      #{startTime,jdbcType=TIMESTAMP}, #{endTime,jdbcType=TIMESTAMP}, #{jumpUrl,jdbcType=VARCHAR},
      #{picUrl,jdbcType=VARCHAR}, #{status,jdbcType=DECIMAL}, #{createTime,jdbcType=TIMESTAMP}, 
      #{updateTime,jdbcType=TIMESTAMP}, #{createdBy,jdbcType=VARCHAR}, #{updatedBy,jdbcType=VARCHAR},
      #{groupId,jdbcType=VARCHAR}
      )
  </insert>
  <insert id="insertSelective" parameterType="com.qdbank.mall.model.advertisement.AdvertisementDO">
    insert into CMS_ADVERTISEMENT
    <trim prefix="(" suffix=")" suffixOverrides=",">
      <if test="id != null">
        ID,
      </if>
      <if test="moduleId != null">
        MODULE_ID,
      </if>
      <if test="advertiseName != null">
        ADVERTISE_NAME,
      </if>
      <if test="advertiseDescription != null">
        ADVERTISE_DESCRIPTION,
      </if>
      <if test="advertismentLevel != null">
        ADVERTISMENT_LEVEL,
      </if>
      <if test="startTime != null">
        START_TIME,
      </if>
      <if test="endTime != null">
        END_TIME,
      </if>
      <if test="jumpUrl != null">
        JUMP_URL,
      </if>
      <if test="picUrl != null">
        PIC_URL,
      </if>
      <if test="status != null">
        STATUS,
      </if>
      <if test="createTime != null">
        CREATE_TIME,
      </if>
      <if test="updateTime != null">
        UPDATE_TIME,
      </if>
      <if test="createdBy != null">
        CREATED_BY,
      </if>
      <if test="updatedBy != null">
        UPDATED_BY,
      </if>
    </trim>
    <trim prefix="values (" suffix=")" suffixOverrides=",">
      <if test="id != null">
        #{id,jdbcType=DECIMAL},
      </if>
      <if test="moduleId != null">
        #{moduleId,jdbcType=DECIMAL},
      </if>
      <if test="advertiseName != null">
        #{advertiseName,jdbcType=VARCHAR},
      </if>
      <if test="advertiseDescription != null">
        #{advertiseDescription,jdbcType=VARCHAR},
      </if>
      <if test="advertismentLevel != null">
        #{advertismentLevel,jdbcType=DECIMAL},
      </if>
      <if test="startTime != null">
        #{startTime,jdbcType=TIMESTAMP},
      </if>
      <if test="endTime != null">
        #{endTime,jdbcType=TIMESTAMP},
      </if>
      <if test="jumpUrl != null">
        #{jumpUrl,jdbcType=VARCHAR},
      </if>
      <if test="picUrl != null">
        #{picUrl,jdbcType=VARCHAR},
      </if>
      <if test="status != null">
        #{status,jdbcType=DECIMAL},
      </if>
      <if test="createTime != null">
        #{createTime,jdbcType=TIMESTAMP},
      </if>
      <if test="updateTime != null">
        #{updateTime,jdbcType=TIMESTAMP},
      </if>
      <if test="createdBy != null">
        #{createdBy,jdbcType=VARCHAR},
      </if>
      <if test="updatedBy != null">
        #{updatedBy,jdbcType=VARCHAR},
      </if>
    </trim>
  </insert>
  <select id="countByExample" parameterType="com.qdbank.mall.model.advertisement.AdvertisementDOExample" resultType="java.lang.Long">
    select count(*) from CMS_ADVERTISEMENT
    <if test="_parameter != null">
      <include refid="Example_Where_Clause" />
    </if>
  </select>
  <update id="updateByExampleSelective" parameterType="map">
    update CMS_ADVERTISEMENT
    <set>
      <if test="record.id != null">
        ID = #{record.id,jdbcType=DECIMAL},
      </if>
      <if test="record.moduleId != null">
        MODULE_ID = #{record.moduleId,jdbcType=DECIMAL},
      </if>
      <if test="record.advertiseName != null">
        ADVERTISE_NAME = #{record.advertiseName,jdbcType=VARCHAR},
      </if>
      <if test="record.advertiseDescription != null">
        ADVERTISE_DESCRIPTION = #{record.advertiseDescription,jdbcType=VARCHAR},
      </if>
      <if test="record.advertismentLevel != null">
        ADVERTISMENT_LEVEL = #{record.advertismentLevel,jdbcType=DECIMAL},
      </if>
      <if test="record.startTime != null">
        START_TIME = #{record.startTime,jdbcType=TIMESTAMP},
      </if>
      <if test="record.endTime != null">
        END_TIME = #{record.endTime,jdbcType=TIMESTAMP},
      </if>
      <if test="record.jumpUrl != null">
        JUMP_URL = #{record.jumpUrl,jdbcType=VARCHAR},
      </if>
      <if test="record.picUrl != null">
        PIC_URL = #{record.picUrl,jdbcType=VARCHAR},
      </if>
      <if test="record.status != null">
        STATUS = #{record.status,jdbcType=DECIMAL},
      </if>
      <if test="record.createTime != null">
        CREATE_TIME = #{record.createTime,jdbcType=TIMESTAMP},
      </if>
      <if test="record.updateTime != null">
        UPDATE_TIME = #{record.updateTime,jdbcType=TIMESTAMP},
      </if>
      <if test="record.createdBy != null">
        CREATED_BY = #{record.createdBy,jdbcType=VARCHAR},
      </if>
      <if test="record.updatedBy != null">
        UPDATED_BY = #{record.updatedBy,jdbcType=VARCHAR},
      </if>
    </set>
    <if test="_parameter != null">
      <include refid="Update_By_Example_Where_Clause" />
    </if>
  </update>
  <update id="updateByExample" parameterType="map">
    update CMS_ADVERTISEMENT
    set ID = #{record.id,jdbcType=DECIMAL},
      MODULE_ID = #{record.moduleId,jdbcType=DECIMAL},
      ADVERTISE_NAME = #{record.advertiseName,jdbcType=VARCHAR},
      ADVERTISE_DESCRIPTION = #{record.advertiseDescription,jdbcType=VARCHAR},
      ADVERTISMENT_LEVEL = #{record.advertismentLevel,jdbcType=DECIMAL},
      START_TIME = #{record.startTime,jdbcType=TIMESTAMP},
      END_TIME = #{record.endTime,jdbcType=TIMESTAMP},
      JUMP_URL = #{record.jumpUrl,jdbcType=VARCHAR},
      PIC_URL = #{record.picUrl,jdbcType=VARCHAR},
      STATUS = #{record.status,jdbcType=DECIMAL},
      CREATE_TIME = #{record.createTime,jdbcType=TIMESTAMP},
      UPDATE_TIME = #{record.updateTime,jdbcType=TIMESTAMP},
      CREATED_BY = #{record.createdBy,jdbcType=VARCHAR},
      UPDATED_BY = #{record.updatedBy,jdbcType=VARCHAR}
    <if test="_parameter != null">
      <include refid="Update_By_Example_Where_Clause" />
    </if>
  </update>
  <update id="updateByPrimaryKeySelective" parameterType="com.qdbank.mall.model.advertisement.AdvertisementDO">
    update CMS_ADVERTISEMENT
    <set>
      <if test="moduleId != null">
        MODULE_ID = #{moduleId,jdbcType=DECIMAL},
      </if>
      <if test="advertiseName != null">
        ADVERTISE_NAME = #{advertiseName,jdbcType=VARCHAR},
      </if>
      <if test="advertiseDescription != null">
        ADVERTISE_DESCRIPTION = #{advertiseDescription,jdbcType=VARCHAR},
      </if>
      <if test="advertismentLevel != null">
        ADVERTISMENT_LEVEL = #{advertismentLevel,jdbcType=DECIMAL},
      </if>
      <if test="startTime != null">
        START_TIME = #{startTime,jdbcType=TIMESTAMP},
      </if>
      <if test="endTime != null">
        END_TIME = #{endTime,jdbcType=TIMESTAMP},
      </if>
      <if test="jumpUrl != null and jumpUrl != ''">
        JUMP_URL = #{jumpUrl,jdbcType=VARCHAR},
      </if>
      <if test="picUrl != null">
        PIC_URL = #{picUrl,jdbcType=VARCHAR},
      </if>
      <if test="status != null">
        STATUS = #{status,jdbcType=DECIMAL},
      </if>
      <if test="createTime != null">
        CREATE_TIME = #{createTime,jdbcType=TIMESTAMP},
      </if>
      <if test="updateTime != null">
        UPDATE_TIME = #{updateTime,jdbcType=TIMESTAMP},
      </if>
      <if test="createdBy != null">
        CREATED_BY = #{createdBy,jdbcType=VARCHAR},
      </if>
      <if test="updatedBy != null">
        UPDATED_BY = #{updatedBy,jdbcType=VARCHAR},
      </if>
      <if test="groupId != null">
        GROUP_ID = #{groupId,jdbcType=VARCHAR},
      </if>
    </set>
    where ID = #{id,jdbcType=DECIMAL}
  </update>
  <update id="updateByPrimaryKey" parameterType="com.qdbank.mall.model.advertisement.AdvertisementDO">
    update CMS_ADVERTISEMENT
    set MODULE_ID = #{moduleId,jdbcType=DECIMAL},
      ADVERTISE_NAME = #{advertiseName,jdbcType=VARCHAR},
      ADVERTISE_DESCRIPTION = #{advertiseDescription,jdbcType=VARCHAR},
      ADVERTISMENT_LEVEL = #{advertismentLevel,jdbcType=DECIMAL},
      START_TIME = #{startTime,jdbcType=TIMESTAMP},
      END_TIME = #{endTime,jdbcType=TIMESTAMP},
      JUMP_URL = #{jumpUrl,jdbcType=VARCHAR},
      PIC_URL = #{picUrl,jdbcType=VARCHAR},
      STATUS = #{status,jdbcType=DECIMAL},
      CREATE_TIME = #{createTime,jdbcType=TIMESTAMP},
      UPDATE_TIME = #{updateTime,jdbcType=TIMESTAMP},
      CREATED_BY = #{createdBy,jdbcType=VARCHAR},
      UPDATED_BY = #{updatedBy,jdbcType=VARCHAR}
    where ID = #{id,jdbcType=DECIMAL}
  </update>
<update id="updateExpireStatus">
    update
        CMS_ADVERTISEMENT
    set
        STATUS = 0,
        UPDATE_TIME = sysdate,
        UPDATED_BY = 'SYSTEM'
    where
        END_TIME &lt; sysdate
    and
        STATUS = 1
</update>
</mapper>