<?xml version="1.0" encoding="UTF-8"?>
<!DOCTYPE mapper PUBLIC "-//mybatis.org//DTD Mapper 3.0//EN" "http://mybatis.org/dtd/mybatis-3-mapper.dtd">
<mapper namespace="com.qdbank.mall.mapper.productattributevalue.ProductAttributeValueDOMapper">
  <resultMap id="BaseResultMap" type="com.qdbank.mall.model.productattributevalue.ProductAttributeValueDO">
    <id column="ID" jdbcType="DECIMAL" property="id" />
    <result column="PRODUCT_ID" jdbcType="DECIMAL" property="productId" />
    <result column="PRODUCT_ATTRIBUTE_ID" jdbcType="DECIMAL" property="productAttributeId" />
    <result column="VALUE" jdbcType="VARCHAR" property="value" />
  </resultMap>
  <sql id="Example_Where_Clause">
    <where>
      <foreach collection="oredCriteria" item="criteria" separator="or">
        <if test="criteria.valid">
          <trim prefix="(" prefixOverrides="and" suffix=")">
            <foreach collection="criteria.criteria" item="criterion">
              <choose>
                <when test="criterion.noValue">
                  and ${criterion.condition}
                </when>
                <when test="criterion.singleValue">
                  and ${criterion.condition} #{criterion.value}
                </when>
                <when test="criterion.betweenValue">
                  and ${criterion.condition} #{criterion.value} and #{criterion.secondValue}
                </when>
                <when test="criterion.listValue">
                  and ${criterion.condition}
                  <foreach close=")" collection="criterion.value" item="listItem" open="(" separator=",">
                    #{listItem}
                  </foreach>
                </when>
              </choose>
            </foreach>
          </trim>
        </if>
      </foreach>
    </where>
  </sql>
  <sql id="Update_By_Example_Where_Clause">
    <where>
      <foreach collection="example.oredCriteria" item="criteria" separator="or">
        <if test="criteria.valid">
          <trim prefix="(" prefixOverrides="and" suffix=")">
            <foreach collection="criteria.criteria" item="criterion">
              <choose>
                <when test="criterion.noValue">
                  and ${criterion.condition}
                </when>
                <when test="criterion.singleValue">
                  and ${criterion.condition} #{criterion.value}
                </when>
                <when test="criterion.betweenValue">
                  and ${criterion.condition} #{criterion.value} and #{criterion.secondValue}
                </when>
                <when test="criterion.listValue">
                  and ${criterion.condition}
                  <foreach close=")" collection="criterion.value" item="listItem" open="(" separator=",">
                    #{listItem}
                  </foreach>
                </when>
              </choose>
            </foreach>
          </trim>
        </if>
      </foreach>
    </where>
  </sql>
  <sql id="Base_Column_List">
    ID, PRODUCT_ID, PRODUCT_ATTRIBUTE_ID, VALUE
  </sql>
  <select id="selectByExample" parameterType="com.qdbank.mall.model.productattributevalue.ProductAttributeValueDOExample" resultMap="BaseResultMap">
    select
    <if test="distinct">
      distinct
    </if>
    'true' as QUERYID,
    <include refid="Base_Column_List" />
    from PMS_PRODUCT_ATTRIBUTE_VALUE
    <if test="_parameter != null">
      <include refid="Example_Where_Clause" />
    </if>
    <if test="orderByClause != null">
      order by ${orderByClause}
    </if>
  </select>
  <select id="selectByPrimaryKey" parameterType="java.math.BigDecimal" resultMap="BaseResultMap">
    select 
    <include refid="Base_Column_List" />
    from PMS_PRODUCT_ATTRIBUTE_VALUE
    where ID = #{id,jdbcType=DECIMAL}
  </select>
  <delete id="deleteByPrimaryKey" parameterType="java.math.BigDecimal">
    delete from PMS_PRODUCT_ATTRIBUTE_VALUE
    where ID = #{id,jdbcType=DECIMAL}
  </delete>
  <delete id="deleteByExample" parameterType="com.qdbank.mall.model.productattributevalue.ProductAttributeValueDOExample">
    delete from PMS_PRODUCT_ATTRIBUTE_VALUE
    <if test="_parameter != null">
      <include refid="Example_Where_Clause" />
    </if>
  </delete>
  <insert id="insert" parameterType="com.qdbank.mall.model.productattributevalue.ProductAttributeValueDO">
    insert into PMS_PRODUCT_ATTRIBUTE_VALUE (ID, PRODUCT_ID, PRODUCT_ATTRIBUTE_ID, 
      VALUE)
    values (#{id,jdbcType=DECIMAL}, #{productId,jdbcType=DECIMAL}, #{productAttributeId,jdbcType=DECIMAL}, 
      #{value,jdbcType=VARCHAR})
  </insert>
  <insert id="insertSelective" parameterType="com.qdbank.mall.model.productattributevalue.ProductAttributeValueDO">
    insert into PMS_PRODUCT_ATTRIBUTE_VALUE
    <trim prefix="(" suffix=")" suffixOverrides=",">
      <if test="id != null">
        ID,
      </if>
      <if test="productId != null">
        PRODUCT_ID,
      </if>
      <if test="productAttributeId != null">
        PRODUCT_ATTRIBUTE_ID,
      </if>
      <if test="value != null">
        VALUE,
      </if>
    </trim>
    <trim prefix="values (" suffix=")" suffixOverrides=",">
      <if test="id != null">
        #{id,jdbcType=DECIMAL},
      </if>
      <if test="productId != null">
        #{productId,jdbcType=DECIMAL},
      </if>
      <if test="productAttributeId != null">
        #{productAttributeId,jdbcType=DECIMAL},
      </if>
      <if test="value != null">
        #{value,jdbcType=VARCHAR},
      </if>
    </trim>
  </insert>
  <select id="countByExample" parameterType="com.qdbank.mall.model.productattributevalue.ProductAttributeValueDOExample" resultType="java.lang.Long">
    select count(*) from PMS_PRODUCT_ATTRIBUTE_VALUE
    <if test="_parameter != null">
      <include refid="Example_Where_Clause" />
    </if>
  </select>
  <update id="updateByExampleSelective" parameterType="map">
    update PMS_PRODUCT_ATTRIBUTE_VALUE
    <set>
      <if test="record.id != null">
        ID = #{record.id,jdbcType=DECIMAL},
      </if>
      <if test="record.productId != null">
        PRODUCT_ID = #{record.productId,jdbcType=DECIMAL},
      </if>
      <if test="record.productAttributeId != null">
        PRODUCT_ATTRIBUTE_ID = #{record.productAttributeId,jdbcType=DECIMAL},
      </if>
      <if test="record.value != null">
        VALUE = #{record.value,jdbcType=VARCHAR},
      </if>
    </set>
    <if test="_parameter != null">
      <include refid="Update_By_Example_Where_Clause" />
    </if>
  </update>
  <update id="updateByExample" parameterType="map">
    update PMS_PRODUCT_ATTRIBUTE_VALUE
    set ID = #{record.id,jdbcType=DECIMAL},
      PRODUCT_ID = #{record.productId,jdbcType=DECIMAL},
      PRODUCT_ATTRIBUTE_ID = #{record.productAttributeId,jdbcType=DECIMAL},
      VALUE = #{record.value,jdbcType=VARCHAR}
    <if test="_parameter != null">
      <include refid="Update_By_Example_Where_Clause" />
    </if>
  </update>
  <update id="updateByPrimaryKeySelective" parameterType="com.qdbank.mall.model.productattributevalue.ProductAttributeValueDO">
    update PMS_PRODUCT_ATTRIBUTE_VALUE
    <set>
      <if test="productId != null">
        PRODUCT_ID = #{productId,jdbcType=DECIMAL},
      </if>
      <if test="productAttributeId != null">
        PRODUCT_ATTRIBUTE_ID = #{productAttributeId,jdbcType=DECIMAL},
      </if>
      <if test="value != null">
        VALUE = #{value,jdbcType=VARCHAR},
      </if>
    </set>
    where ID = #{id,jdbcType=DECIMAL}
  </update>
  <update id="updateByPrimaryKey" parameterType="com.qdbank.mall.model.productattributevalue.ProductAttributeValueDO">
    update PMS_PRODUCT_ATTRIBUTE_VALUE
    set PRODUCT_ID = #{productId,jdbcType=DECIMAL},
      PRODUCT_ATTRIBUTE_ID = #{productAttributeId,jdbcType=DECIMAL},
      VALUE = #{value,jdbcType=VARCHAR}
    where ID = #{id,jdbcType=DECIMAL}
  </update>
  <insert id="insertList">
    insert into pms_product_attribute_value (product_id,product_attribute_id,value) values
    <foreach collection="list" item="item" index="index" separator=",">
      (#{item.productId,jdbcType=BIGINT},
      #{item.productAttributeId,jdbcType=BIGINT},
      #{item.value,jdbcType=VARCHAR})
    </foreach>
  </insert>
</mapper>