<?xml version="1.0" encoding="UTF-8"?>
<!DOCTYPE mapper PUBLIC "-//mybatis.org//DTD Mapper 3.0//EN" "http://mybatis.org/dtd/mybatis-3-mapper.dtd">
<mapper namespace="com.qdbank.mall.mapper.rechargestatusdetail.RechargeStatusDOMapper">
  <resultMap id="BaseResultMap" type="com.qdbank.mall.model.rechargestatusdetail.RechargeStatusDO">
    <id column="ID" jdbcType="DECIMAL" property="id" />
    <result column="ORDER_SN" jdbcType="VARCHAR" property="orderSn" />
    <result column="DETAIL_LEVEL" jdbcType="DECIMAL" property="detailLevel" />
    <result column="STATUS" jdbcType="DECIMAL" property="status" />
    <result column="CREATE_TIME" jdbcType="TIMESTAMP" property="createTime" />
    <result column="UPDATE_TIME" jdbcType="TIMESTAMP" property="updateTime" />
  </resultMap>
  <sql id="Example_Where_Clause">
    <where>
      <foreach collection="oredCriteria" item="criteria" separator="or">
        <if test="criteria.valid">
          <trim prefix="(" prefixOverrides="and" suffix=")">
            <foreach collection="criteria.criteria" item="criterion">
              <choose>
                <when test="criterion.noValue">
                  and ${criterion.condition}
                </when>
                <when test="criterion.singleValue">
                  and ${criterion.condition} #{criterion.value}
                </when>
                <when test="criterion.betweenValue">
                  and ${criterion.condition} #{criterion.value} and #{criterion.secondValue}
                </when>
                <when test="criterion.listValue">
                  and ${criterion.condition}
                  <foreach close=")" collection="criterion.value" item="listItem" open="(" separator=",">
                    #{listItem}
                  </foreach>
                </when>
              </choose>
            </foreach>
          </trim>
        </if>
      </foreach>
    </where>
  </sql>
  <sql id="Update_By_Example_Where_Clause">
    <where>
      <foreach collection="example.oredCriteria" item="criteria" separator="or">
        <if test="criteria.valid">
          <trim prefix="(" prefixOverrides="and" suffix=")">
            <foreach collection="criteria.criteria" item="criterion">
              <choose>
                <when test="criterion.noValue">
                  and ${criterion.condition}
                </when>
                <when test="criterion.singleValue">
                  and ${criterion.condition} #{criterion.value}
                </when>
                <when test="criterion.betweenValue">
                  and ${criterion.condition} #{criterion.value} and #{criterion.secondValue}
                </when>
                <when test="criterion.listValue">
                  and ${criterion.condition}
                  <foreach close=")" collection="criterion.value" item="listItem" open="(" separator=",">
                    #{listItem}
                  </foreach>
                </when>
              </choose>
            </foreach>
          </trim>
        </if>
      </foreach>
    </where>
  </sql>
  <sql id="Base_Column_List">
    ID, ORDER_SN, DETAIL_LEVEL, STATUS, CREATE_TIME, UPDATE_TIME
  </sql>
  <select id="selectByExample" parameterType="com.qdbank.mall.model.rechargestatusdetail.RechargeStatusDOExample" resultMap="BaseResultMap">
    select
    <if test="distinct">
      distinct
    </if>
    'true' as QUERYID,
    <include refid="Base_Column_List" />
    from OMS_RECHARGE_STATUS_DETAIL
    <if test="_parameter != null">
      <include refid="Example_Where_Clause" />
    </if>
    <if test="orderByClause != null">
      order by ${orderByClause}
    </if>
  </select>
  <select id="selectByPrimaryKey" parameterType="java.lang.Long" resultMap="BaseResultMap">
    select 
    <include refid="Base_Column_List" />
    from OMS_RECHARGE_STATUS_DETAIL
    where ID = #{id,jdbcType=DECIMAL}
  </select>
  <delete id="deleteByPrimaryKey" parameterType="java.lang.Long">
    delete from OMS_RECHARGE_STATUS_DETAIL
    where ID = #{id,jdbcType=DECIMAL}
  </delete>
  <delete id="deleteByExample" parameterType="com.qdbank.mall.model.rechargestatusdetail.RechargeStatusDOExample">
    delete from OMS_RECHARGE_STATUS_DETAIL
    <if test="_parameter != null">
      <include refid="Example_Where_Clause" />
    </if>
  </delete>
  <insert id="insert" parameterType="com.qdbank.mall.model.rechargestatusdetail.RechargeStatusDO">
    insert into OMS_RECHARGE_STATUS_DETAIL (ID, ORDER_SN, DETAIL_LEVEL, 
      STATUS, CREATE_TIME, UPDATE_TIME
      )
    values (#{id,jdbcType=DECIMAL}, #{orderSn,jdbcType=VARCHAR}, #{detailLevel,jdbcType=DECIMAL}, 
      #{status,jdbcType=DECIMAL}, #{createTime,jdbcType=TIMESTAMP}, #{updateTime,jdbcType=TIMESTAMP}
      )
  </insert>
  <insert id="insertSelective" parameterType="com.qdbank.mall.model.rechargestatusdetail.RechargeStatusDO">
    insert into OMS_RECHARGE_STATUS_DETAIL
    <trim prefix="(" suffix=")" suffixOverrides=",">
      <if test="id != null">
        ID,
      </if>
      <if test="orderSn != null">
        ORDER_SN,
      </if>
      <if test="detailLevel != null">
        DETAIL_LEVEL,
      </if>
      <if test="status != null">
        STATUS,
      </if>
      <if test="createTime != null">
        CREATE_TIME,
      </if>
      <if test="updateTime != null">
        UPDATE_TIME,
      </if>
    </trim>
    <trim prefix="values (" suffix=")" suffixOverrides=",">
      <if test="id != null">
        #{id,jdbcType=DECIMAL},
      </if>
      <if test="orderSn != null">
        #{orderSn,jdbcType=VARCHAR},
      </if>
      <if test="detailLevel != null">
        #{detailLevel,jdbcType=DECIMAL},
      </if>
      <if test="status != null">
        #{status,jdbcType=DECIMAL},
      </if>
      <if test="createTime != null">
        #{createTime,jdbcType=TIMESTAMP},
      </if>
      <if test="updateTime != null">
        #{updateTime,jdbcType=TIMESTAMP},
      </if>
    </trim>
  </insert>
  <select id="countByExample" parameterType="com.qdbank.mall.model.rechargestatusdetail.RechargeStatusDOExample" resultType="java.lang.Long">
    select count(*) from OMS_RECHARGE_STATUS_DETAIL
    <if test="_parameter != null">
      <include refid="Example_Where_Clause" />
    </if>
  </select>
  <update id="updateByExampleSelective" parameterType="map">
    update OMS_RECHARGE_STATUS_DETAIL
    <set>
      <if test="record.id != null">
        ID = #{record.id,jdbcType=DECIMAL},
      </if>
      <if test="record.orderSn != null">
        ORDER_SN = #{record.orderSn,jdbcType=VARCHAR},
      </if>
      <if test="record.detailLevel != null">
        DETAIL_LEVEL = #{record.detailLevel,jdbcType=DECIMAL},
      </if>
      <if test="record.status != null">
        STATUS = #{record.status,jdbcType=DECIMAL},
      </if>
      <if test="record.createTime != null">
        CREATE_TIME = #{record.createTime,jdbcType=TIMESTAMP},
      </if>
      <if test="record.updateTime != null">
        UPDATE_TIME = #{record.updateTime,jdbcType=TIMESTAMP},
      </if>
    </set>
    <if test="_parameter != null">
      <include refid="Update_By_Example_Where_Clause" />
    </if>
  </update>
  <update id="updateByExample" parameterType="map">
    update OMS_RECHARGE_STATUS_DETAIL
    set ID = #{record.id,jdbcType=DECIMAL},
      ORDER_SN = #{record.orderSn,jdbcType=VARCHAR},
      DETAIL_LEVEL = #{record.detailLevel,jdbcType=DECIMAL},
      STATUS = #{record.status,jdbcType=DECIMAL},
      CREATE_TIME = #{record.createTime,jdbcType=TIMESTAMP},
      UPDATE_TIME = #{record.updateTime,jdbcType=TIMESTAMP}
    <if test="_parameter != null">
      <include refid="Update_By_Example_Where_Clause" />
    </if>
  </update>
  <update id="updateByPrimaryKeySelective" parameterType="com.qdbank.mall.model.rechargestatusdetail.RechargeStatusDO">
    update OMS_RECHARGE_STATUS_DETAIL
    <set>
      <if test="orderSn != null">
        ORDER_SN = #{orderSn,jdbcType=VARCHAR},
      </if>
      <if test="detailLevel != null">
        DETAIL_LEVEL = #{detailLevel,jdbcType=DECIMAL},
      </if>
      <if test="status != null">
        STATUS = #{status,jdbcType=DECIMAL},
      </if>
      <if test="createTime != null">
        CREATE_TIME = #{createTime,jdbcType=TIMESTAMP},
      </if>
      <if test="updateTime != null">
        UPDATE_TIME = #{updateTime,jdbcType=TIMESTAMP},
      </if>
    </set>
    where ID = #{id,jdbcType=DECIMAL}
  </update>
  <update id="updateByPrimaryKey" parameterType="com.qdbank.mall.model.rechargestatusdetail.RechargeStatusDO">
    update OMS_RECHARGE_STATUS_DETAIL
    set ORDER_SN = #{orderSn,jdbcType=VARCHAR},
      DETAIL_LEVEL = #{detailLevel,jdbcType=DECIMAL},
      STATUS = #{status,jdbcType=DECIMAL},
      CREATE_TIME = #{createTime,jdbcType=TIMESTAMP},
      UPDATE_TIME = #{updateTime,jdbcType=TIMESTAMP}
    where ID = #{id,jdbcType=DECIMAL}
  </update>
</mapper>