<?xml version="1.0" encoding="UTF-8"?>
<!DOCTYPE mapper PUBLIC "-//mybatis.org//DTD Mapper 3.0//EN" "http://mybatis.org/dtd/mybatis-3-mapper.dtd">
<mapper namespace="com.qdbank.mall.mapper.orderreport.OrderReportDOMapper">
  <resultMap id="BaseResultMap" type="com.qdbank.mall.model.orderreport.OrderReportDO">
    <id column="ORDER_ID" jdbcType="DECIMAL" property="orderId" />
    <result column="CUST_NO" jdbcType="DECIMAL" property="custNo" />
    <result column="CUST_NAME" jdbcType="VARCHAR" property="custName" />
    <result column="CUST_MOBILE" jdbcType="DECIMAL" property="custMobile" />
    <result column="MERCHANT_NO" jdbcType="DECIMAL" property="merchantNo" />
    <result column="MERCHANT_NAME" jdbcType="VARCHAR" property="merchantName" />
    <result column="ORDER_SN" jdbcType="VARCHAR" property="orderSn" />
    <result column="PRODUCT_ID" jdbcType="DECIMAL" property="productId" />
    <result column="PRODUCT_NAME" jdbcType="VARCHAR" property="productName" />
    <result column="PRODUCT_SKU_ID" jdbcType="DECIMAL" property="productSkuId" />
    <result column="PRODUCT_COUNT" jdbcType="DECIMAL" property="productCount" />
    <result column="PRODUCT_PRICE" jdbcType="DECIMAL" property="productPrice" />
    <result column="PRODUCT_CASH" jdbcType="DECIMAL" property="productCash" />
    <result column="PRODUCT_INTEGRATION" jdbcType="DECIMAL" property="productIntegration" />
    <result column="CATEGORY_ID_1" jdbcType="DECIMAL" property="categoryId1" />
    <result column="CATEGORY_ID_2" jdbcType="DECIMAL" property="categoryId2" />
    <result column="CATEGORY_ID_3" jdbcType="DECIMAL" property="categoryId3" />
    <result column="CATEGORY_ID_4" jdbcType="DECIMAL" property="categoryId4" />
    <result column="PAY_AMOUNT" jdbcType="DECIMAL" property="payAmount" />
    <result column="ORDER_CASH" jdbcType="DECIMAL" property="orderCash" />
    <result column="ORDER_INTEGRATION" jdbcType="DECIMAL" property="orderIntegration" />
    <result column="FREIGHT_AMOUNT" jdbcType="DECIMAL" property="freightAmount" />
    <result column="USER_COUPON_ID" jdbcType="DECIMAL" property="userCouponId" />
    <result column="COUPON_TYPE" jdbcType="DECIMAL" property="couponType" />
    <result column="COUPON_AMOUNT" jdbcType="DECIMAL" property="couponAmount" />
    <result column="PAY_TYPE" jdbcType="DECIMAL" property="payType" />
    <result column="STATUS" jdbcType="DECIMAL" property="status" />
    <result column="CLOSE_TYPE" jdbcType="DECIMAL" property="closeType" />
    <result column="REFUND_STATUS" jdbcType="DECIMAL" property="refundStatus" />
    <result column="PRODUCT_TYPE" jdbcType="DECIMAL" property="productType" />
    <result column="DELIVERY_COMPANY_NAME" jdbcType="VARCHAR" property="deliveryCompanyName" />
    <result column="DELIVERY_SN" jdbcType="VARCHAR" property="deliverySn" />
    <result column="RECEIVER_NAME" jdbcType="VARCHAR" property="receiverName" />
    <result column="RECEIVER_PHONE" jdbcType="VARCHAR" property="receiverPhone" />
    <result column="RECEIVER_PROVINCE" jdbcType="VARCHAR" property="receiverProvince" />
    <result column="RECEIVER_CITY" jdbcType="VARCHAR" property="receiverCity" />
    <result column="RECEIVER_REGION" jdbcType="VARCHAR" property="receiverRegion" />
    <result column="RECEIVER_DETAIL_ADDRESS" jdbcType="VARCHAR" property="receiverDetailAddress" />
    <result column="NOTE" jdbcType="VARCHAR" property="note" />
    <result column="CONFIRM_STATUS" jdbcType="DECIMAL" property="confirmStatus" />
    <result column="INTEGRATION_PAY_FLAG" jdbcType="DECIMAL" property="integrationPayFlag" />
    <result column="PAYMENT_TIME" jdbcType="TIMESTAMP" property="paymentTime" />
    <result column="DELIVERY_TIME" jdbcType="TIMESTAMP" property="deliveryTime" />
    <result column="RECEIVE_TIME" jdbcType="TIMESTAMP" property="receiveTime" />
    <result column="RECHARGE_MOBILE" jdbcType="VARCHAR" property="rechargeMobile" />
    <result column="MOBILE_ADDRESS" jdbcType="VARCHAR" property="mobileAddress" />
    <result column="NOTICE_STATUS" jdbcType="DECIMAL" property="noticeStatus" />
    <result column="CREATE_TIME" jdbcType="TIMESTAMP" property="createTime" />
    <result column="UPDATE_TIME" jdbcType="TIMESTAMP" property="updateTime" />
    <result column="REQ_URL" jdbcType="VARCHAR" property="reqUrl" />
    <result column="ACCESS_SIGN_ID" jdbcType="VARCHAR" property="accessSignId" />
  </resultMap>
  <resultMap id="TradeExportResultMap" type="com.qdbank.mall.model.orderreport.OrderTotalReportDO">
    <result column="total" jdbcType="DECIMAL" property="total"/>
    <result column="PRODUCT_PRICE" jdbcType="DECIMAL" property="productPrice"/>
    <result column="ORDER_CASH" jdbcType="DECIMAL" property="orderCash" />
    <result column="ORDER_INTEGRATION" jdbcType="DECIMAL" property="orderIntegration" />
    <result column="FREIGHT_AMOUNT" jdbcType="DECIMAL" property="freightAmount" />
    <result column="cashAndFreightAmount" jdbcType="DECIMAL" property="cashAndFreightAmount"/>
    <result column="merchant_no" jdbcType="VARCHAR" property="merchantNo"/>
    <result column="merchant_name" jdbcType="VARCHAR" property="merchantName"/>
    <result column="couponCount" jdbcType="DECIMAL" property="couponCount"/>
    <result column="productCouponCount" jdbcType="DECIMAL" property="productCouponCount"/>
    <result column="coupon_type" jdbcType="VARCHAR" property="couponType"/>
    <result column="distributeWay" jdbcType="VARCHAR" property="distributeWay"/>
    <result column="discountAmount" jdbcType="DECIMAL" property="discountAmount"/>
  </resultMap>

  <resultMap id="TradeDetailResultMap" type="com.qdbank.mall.model.orderreport.OrderExportDetailDO">
    <id column="ORDER_ID" jdbcType="DECIMAL" property="orderId" />
    <result column="MERCHANT_NO" jdbcType="DECIMAL" property="merchantNo" />
    <result column="MERCHANT_NAME" jdbcType="VARCHAR" property="merchantName" />
    <result column="ORDER_SN" jdbcType="VARCHAR" property="orderSn" />
    <result column="PRODUCT_ID" jdbcType="DECIMAL" property="productId" />
    <result column="PRODUCT_SKU_ID" jdbcType="DECIMAL" property="productSkuId" />
    <result column="PRODUCT_PRICE" jdbcType="DECIMAL" property="productPrice"/>
    <result column="ORDER_CASH" jdbcType="DECIMAL" property="orderCash" />
    <result column="ORDER_INTEGRATION" jdbcType="DECIMAL" property="orderIntegration" />
    <result column="FREIGHT_AMOUNT" jdbcType="DECIMAL" property="freightAmount" />
    <result column="COUPON_TYPE" jdbcType="DECIMAL" property="couponType" />
    <result column="integrationCouponAmount" jdbcType="DECIMAL" property="integrationCouponAmount" />
    <result column="productCouponAmount" jdbcType="DECIMAL" property="productCouponAmount" />
    <result column="integrationPayFlag" jdbcType="DECIMAL" property="integrationPayFlag" />
    <result column="PAYMENT_TIME" jdbcType="TIMESTAMP" property="paymentTime" />
    <result column="BATCH_NO" jdbcType="VARCHAR" property="batchNo"/>
    <result column="orderType" jdbcType="VARCHAR" property="orderType"/>
    <result column="cashAndFreightAmount" jdbcType="DECIMAL" property="cashAndFreightAmount"/>
    <result column="discountAmount" jdbcType="DECIMAL" property="discountAmount"/>
  </resultMap>
  <resultMap id="IntegrationCouponResultMap" type="com.qdbank.mall.model.orderreport.IntegrationReportDO">
    <result column="MERCHANT_NO" jdbcType="DECIMAL" property="merchantNo" />
    <result column="MERCHANT_NAME" jdbcType="VARCHAR" property="merchantName" />
    <result column="notNeedPayIntegration" jdbcType="DECIMAL" property="notNeedPayIntegration" />
    <result column="needPayIntegration" jdbcType="DECIMAL" property="needPayIntegration" />
    <result column="coupon_amount" jdbcType="DECIMAL" property="integrationCoupon" />
    <result column="PAYMENT_TIME" jdbcType="TIMESTAMP" property="paymentTime" />
    <result column="totalIntegration" jdbcType="DECIMAL" property="totalIntegration"/>
    <result column="needPayTotalIntegration" jdbcType="DECIMAL" property="needPayTotalIntegration"/>
  </resultMap>
  <resultMap id="ProductCouponResultMap" type="com.qdbank.mall.model.orderreport.ProductCouponDO">
    <result column="MERCHANT_NO" jdbcType="DECIMAL" property="merchantNo" />
    <result column="MERCHANT_NAME" jdbcType="VARCHAR" property="merchantName" />
    <result column="coupon_amount" jdbcType="DECIMAL" property="productCoupon" />
    <result column="PAYMENT_TIME" jdbcType="TIMESTAMP" property="paymentTime" />
    <result column="BATCH_NO"     jdbcType="VARCHAR" property="batchNo"/>
    <result column="COUPON_NAME"  jdbcType="VARCHAR" property="couponName"/>
    <result column="COUPON_TYPE" jdbcType="DECIMAL" property="couponType"/>
  </resultMap>
  <sql id="Example_Where_Clause">
    <where>
      <foreach collection="oredCriteria" item="criteria" separator="or">
        <if test="criteria.valid">
          <trim prefix="(" prefixOverrides="and" suffix=")">
            <foreach collection="criteria.criteria" item="criterion">
              <choose>
                <when test="criterion.noValue">
                  and ${criterion.condition}
                </when>
                <when test="criterion.singleValue">
                  and ${criterion.condition} #{criterion.value}
                </when>
                <when test="criterion.betweenValue">
                  and ${criterion.condition} #{criterion.value} and #{criterion.secondValue}
                </when>
                <when test="criterion.listValue">
                  and ${criterion.condition}
                  <foreach close=")" collection="criterion.value" item="listItem" open="(" separator=",">
                    #{listItem}
                  </foreach>
                </when>
              </choose>
            </foreach>
          </trim>
        </if>
      </foreach>
    </where>
  </sql>
  <sql id="Update_By_Example_Where_Clause">
    <where>
      <foreach collection="example.oredCriteria" item="criteria" separator="or">
        <if test="criteria.valid">
          <trim prefix="(" prefixOverrides="and" suffix=")">
            <foreach collection="criteria.criteria" item="criterion">
              <choose>
                <when test="criterion.noValue">
                  and ${criterion.condition}
                </when>
                <when test="criterion.singleValue">
                  and ${criterion.condition} #{criterion.value}
                </when>
                <when test="criterion.betweenValue">
                  and ${criterion.condition} #{criterion.value} and #{criterion.secondValue}
                </when>
                <when test="criterion.listValue">
                  and ${criterion.condition}
                  <foreach close=")" collection="criterion.value" item="listItem" open="(" separator=",">
                    #{listItem}
                  </foreach>
                </when>
              </choose>
            </foreach>
          </trim>
        </if>
      </foreach>
    </where>
  </sql>
  <sql id="Base_Column_List">
    ORDER_ID, CUST_NO, CUST_NAME, CUST_MOBILE, MERCHANT_NO, MERCHANT_NAME, ORDER_SN,
    PRODUCT_ID, PRODUCT_NAME, PRODUCT_SKU_ID, PRODUCT_COUNT, PRODUCT_PRICE, PRODUCT_CASH,
    PRODUCT_INTEGRATION, CATEGORY_ID_1, CATEGORY_ID_2, CATEGORY_ID_3, CATEGORY_ID_4,
    PAY_AMOUNT, ORDER_CASH, ORDER_INTEGRATION, FREIGHT_AMOUNT, USER_COUPON_ID, COUPON_TYPE,
    COUPON_AMOUNT, PAY_TYPE, STATUS, CLOSE_TYPE, REFUND_STATUS, PRODUCT_TYPE, DELIVERY_COMPANY_NAME,
    DELIVERY_SN, RECEIVER_NAME, RECEIVER_PHONE, RECEIVER_PROVINCE, RECEIVER_CITY, RECEIVER_REGION,
    RECEIVER_DETAIL_ADDRESS, NOTE, CONFIRM_STATUS, INTEGRATION_PAY_FLAG, PAYMENT_TIME,
    DELIVERY_TIME, RECEIVE_TIME, RECHARGE_MOBILE, MOBILE_ADDRESS, NOTICE_STATUS, CREATE_TIME,
    UPDATE_TIME, REQ_URL, ACCESS_SIGN_ID,DISCOUNT_AMOUNT
  </sql>
  <select id="selectByExample" parameterType="com.qdbank.mall.model.orderreport.OrderReportDOExample" resultMap="BaseResultMap">
    select
    <if test="distinct">
      distinct
    </if>
    'true' as QUERYID,
    <include refid="Base_Column_List" />
    from OMS_ORDER_REPORT
    <if test="_parameter != null">
      <include refid="Example_Where_Clause" />
    </if>
    <if test="orderByClause != null">
      order by ${orderByClause}
    </if>
  </select>
  <select id="selectByPrimaryKey" parameterType="java.lang.Long" resultMap="BaseResultMap">
    select
    <include refid="Base_Column_List" />
    from OMS_ORDER_REPORT
    where ORDER_ID = #{orderId,jdbcType=DECIMAL}
  </select>
  <delete id="deleteByPrimaryKey" parameterType="java.lang.Long">
    delete from OMS_ORDER_REPORT
    where ORDER_ID = #{orderId,jdbcType=DECIMAL}
  </delete>
  <delete id="deleteByExample" parameterType="com.qdbank.mall.model.orderreport.OrderReportDOExample">
    delete from OMS_ORDER_REPORT
    <if test="_parameter != null">
      <include refid="Example_Where_Clause" />
    </if>
  </delete>
  <insert id="insert" parameterType="com.qdbank.mall.model.orderreport.OrderReportDO">
    insert into OMS_ORDER_REPORT (ORDER_ID, CUST_NO, CUST_NAME,
      CUST_MOBILE, MERCHANT_NO, MERCHANT_NAME,
      ORDER_SN, PRODUCT_ID, PRODUCT_NAME,
      PRODUCT_SKU_ID, PRODUCT_COUNT, PRODUCT_PRICE,
      PRODUCT_CASH, PRODUCT_INTEGRATION, CATEGORY_ID_1,
      CATEGORY_ID_2, CATEGORY_ID_3, CATEGORY_ID_4,
      PAY_AMOUNT, ORDER_CASH, ORDER_INTEGRATION,
      FREIGHT_AMOUNT, USER_COUPON_ID, COUPON_TYPE,
      COUPON_AMOUNT, PAY_TYPE, STATUS,
      CLOSE_TYPE, REFUND_STATUS, PRODUCT_TYPE,
      DELIVERY_COMPANY_NAME, DELIVERY_SN, RECEIVER_NAME,
      RECEIVER_PHONE, RECEIVER_PROVINCE, RECEIVER_CITY,
      RECEIVER_REGION, RECEIVER_DETAIL_ADDRESS,
      NOTE, CONFIRM_STATUS, INTEGRATION_PAY_FLAG,
      PAYMENT_TIME, DELIVERY_TIME, RECEIVE_TIME,
      RECHARGE_MOBILE, MOBILE_ADDRESS, NOTICE_STATUS,
      CREATE_TIME, UPDATE_TIME, REQ_URL,
      ACCESS_SIGN_ID,DISCOUNT_AMOUNT)
    values (#{orderId,jdbcType=DECIMAL}, #{custNo,jdbcType=DECIMAL}, #{custName,jdbcType=VARCHAR},
      #{custMobile,jdbcType=DECIMAL}, #{merchantNo,jdbcType=DECIMAL}, #{merchantName,jdbcType=VARCHAR},
      #{orderSn,jdbcType=VARCHAR}, #{productId,jdbcType=DECIMAL}, #{productName,jdbcType=VARCHAR},
      #{productSkuId,jdbcType=DECIMAL}, #{productCount,jdbcType=DECIMAL}, #{productPrice,jdbcType=DECIMAL},
      #{productCash,jdbcType=DECIMAL}, #{productIntegration,jdbcType=DECIMAL}, #{categoryId1,jdbcType=DECIMAL},
      #{categoryId2,jdbcType=DECIMAL}, #{categoryId3,jdbcType=DECIMAL}, #{categoryId4,jdbcType=DECIMAL},
      #{payAmount,jdbcType=DECIMAL}, #{orderCash,jdbcType=DECIMAL}, #{orderIntegration,jdbcType=DECIMAL},
      #{freightAmount,jdbcType=DECIMAL}, #{userCouponId,jdbcType=DECIMAL}, #{couponType,jdbcType=DECIMAL},
      #{couponAmount,jdbcType=DECIMAL}, #{payType,jdbcType=DECIMAL}, #{status,jdbcType=DECIMAL},
      #{closeType,jdbcType=DECIMAL}, #{refundStatus,jdbcType=DECIMAL}, #{productType,jdbcType=DECIMAL},
      #{deliveryCompanyName,jdbcType=VARCHAR}, #{deliverySn,jdbcType=VARCHAR}, #{receiverName,jdbcType=VARCHAR},
      #{receiverPhone,jdbcType=VARCHAR}, #{receiverProvince,jdbcType=VARCHAR}, #{receiverCity,jdbcType=VARCHAR},
      #{receiverRegion,jdbcType=VARCHAR}, #{receiverDetailAddress,jdbcType=VARCHAR},
      #{note,jdbcType=VARCHAR}, #{confirmStatus,jdbcType=DECIMAL}, #{integrationPayFlag,jdbcType=DECIMAL},
      #{paymentTime,jdbcType=TIMESTAMP}, #{deliveryTime,jdbcType=TIMESTAMP}, #{receiveTime,jdbcType=TIMESTAMP},
      #{rechargeMobile,jdbcType=VARCHAR}, #{mobileAddress,jdbcType=VARCHAR}, #{noticeStatus,jdbcType=DECIMAL},
      #{createTime,jdbcType=TIMESTAMP}, #{updateTime,jdbcType=TIMESTAMP}, #{reqUrl,jdbcType=VARCHAR},
      #{accessSignId,jdbcType=VARCHAR},#{discountAmount,jdbcType=DECIMAL})
  </insert>
  <insert id="insertSelective" parameterType="com.qdbank.mall.model.orderreport.OrderReportDO">
    insert into OMS_ORDER_REPORT
    <trim prefix="(" suffix=")" suffixOverrides=",">
      <if test="orderId != null">
        ORDER_ID,
      </if>
      <if test="custNo != null">
        CUST_NO,
      </if>
      <if test="custName != null">
        CUST_NAME,
      </if>
      <if test="custMobile != null">
        CUST_MOBILE,
      </if>
      <if test="merchantNo != null">
        MERCHANT_NO,
      </if>
      <if test="merchantName != null">
        MERCHANT_NAME,
      </if>
      <if test="orderSn != null">
        ORDER_SN,
      </if>
      <if test="productId != null">
        PRODUCT_ID,
      </if>
      <if test="productName != null">
        PRODUCT_NAME,
      </if>
      <if test="productSkuId != null">
        PRODUCT_SKU_ID,
      </if>
      <if test="productCount != null">
        PRODUCT_COUNT,
      </if>
      <if test="productPrice != null">
        PRODUCT_PRICE,
      </if>
      <if test="productCash != null">
        PRODUCT_CASH,
      </if>
      <if test="productIntegration != null">
        PRODUCT_INTEGRATION,
      </if>
      <if test="categoryId1 != null">
        CATEGORY_ID_1,
      </if>
      <if test="categoryId2 != null">
        CATEGORY_ID_2,
      </if>
      <if test="categoryId3 != null">
        CATEGORY_ID_3,
      </if>
      <if test="categoryId4 != null">
        CATEGORY_ID_4,
      </if>
      <if test="payAmount != null">
        PAY_AMOUNT,
      </if>
      <if test="orderCash != null">
        ORDER_CASH,
      </if>
      <if test="orderIntegration != null">
        ORDER_INTEGRATION,
      </if>
      <if test="freightAmount != null">
        FREIGHT_AMOUNT,
      </if>
      <if test="userCouponId != null">
        USER_COUPON_ID,
      </if>
      <if test="couponType != null">
        COUPON_TYPE,
      </if>
      <if test="couponAmount != null">
        COUPON_AMOUNT,
      </if>
      <if test="payType != null">
        PAY_TYPE,
      </if>
      <if test="status != null">
        STATUS,
      </if>
      <if test="closeType != null">
        CLOSE_TYPE,
      </if>
      <if test="refundStatus != null">
        REFUND_STATUS,
      </if>
      <if test="productType != null">
        PRODUCT_TYPE,
      </if>
      <if test="deliveryCompanyName != null">
        DELIVERY_COMPANY_NAME,
      </if>
      <if test="deliverySn != null">
        DELIVERY_SN,
      </if>
      <if test="receiverName != null">
        RECEIVER_NAME,
      </if>
      <if test="receiverPhone != null">
        RECEIVER_PHONE,
      </if>
      <if test="receiverProvince != null">
        RECEIVER_PROVINCE,
      </if>
      <if test="receiverCity != null">
        RECEIVER_CITY,
      </if>
      <if test="receiverRegion != null">
        RECEIVER_REGION,
      </if>
      <if test="receiverDetailAddress != null">
        RECEIVER_DETAIL_ADDRESS,
      </if>
      <if test="note != null">
        NOTE,
      </if>
      <if test="confirmStatus != null">
        CONFIRM_STATUS,
      </if>
      <if test="integrationPayFlag != null">
        INTEGRATION_PAY_FLAG,
      </if>
      <if test="paymentTime != null">
        PAYMENT_TIME,
      </if>
      <if test="deliveryTime != null">
        DELIVERY_TIME,
      </if>
      <if test="receiveTime != null">
        RECEIVE_TIME,
      </if>
      <if test="rechargeMobile != null">
        RECHARGE_MOBILE,
      </if>
      <if test="mobileAddress != null">
        MOBILE_ADDRESS,
      </if>
      <if test="noticeStatus != null">
        NOTICE_STATUS,
      </if>
      <if test="createTime != null">
        CREATE_TIME,
      </if>
      <if test="updateTime != null">
        UPDATE_TIME,
      </if>
      <if test="reqUrl != null">
        REQ_URL,
      </if>
      <if test="accessSignId != null">
        ACCESS_SIGN_ID,
      </if>
    </trim>
    <trim prefix="values (" suffix=")" suffixOverrides=",">
      <if test="orderId != null">
        #{orderId,jdbcType=DECIMAL},
      </if>
      <if test="custNo != null">
        #{custNo,jdbcType=DECIMAL},
      </if>
      <if test="custName != null">
        #{custName,jdbcType=VARCHAR},
      </if>
      <if test="custMobile != null">
        #{custMobile,jdbcType=DECIMAL},
      </if>
      <if test="merchantNo != null">
        #{merchantNo,jdbcType=DECIMAL},
      </if>
      <if test="merchantName != null">
        #{merchantName,jdbcType=VARCHAR},
      </if>
      <if test="orderSn != null">
        #{orderSn,jdbcType=VARCHAR},
      </if>
      <if test="productId != null">
        #{productId,jdbcType=DECIMAL},
      </if>
      <if test="productName != null">
        #{productName,jdbcType=VARCHAR},
      </if>
      <if test="productSkuId != null">
        #{productSkuId,jdbcType=DECIMAL},
      </if>
      <if test="productCount != null">
        #{productCount,jdbcType=DECIMAL},
      </if>
      <if test="productPrice != null">
        #{productPrice,jdbcType=DECIMAL},
      </if>
      <if test="productCash != null">
        #{productCash,jdbcType=DECIMAL},
      </if>
      <if test="productIntegration != null">
        #{productIntegration,jdbcType=DECIMAL},
      </if>
      <if test="categoryId1 != null">
        #{categoryId1,jdbcType=DECIMAL},
      </if>
      <if test="categoryId2 != null">
        #{categoryId2,jdbcType=DECIMAL},
      </if>
      <if test="categoryId3 != null">
        #{categoryId3,jdbcType=DECIMAL},
      </if>
      <if test="categoryId4 != null">
        #{categoryId4,jdbcType=DECIMAL},
      </if>
      <if test="payAmount != null">
        #{payAmount,jdbcType=DECIMAL},
      </if>
      <if test="orderCash != null">
        #{orderCash,jdbcType=DECIMAL},
      </if>
      <if test="orderIntegration != null">
        #{orderIntegration,jdbcType=DECIMAL},
      </if>
      <if test="freightAmount != null">
        #{freightAmount,jdbcType=DECIMAL},
      </if>
      <if test="userCouponId != null">
        #{userCouponId,jdbcType=DECIMAL},
      </if>
      <if test="couponType != null">
        #{couponType,jdbcType=DECIMAL},
      </if>
      <if test="couponAmount != null">
        #{couponAmount,jdbcType=DECIMAL},
      </if>
      <if test="payType != null">
        #{payType,jdbcType=DECIMAL},
      </if>
      <if test="status != null">
        #{status,jdbcType=DECIMAL},
      </if>
      <if test="closeType != null">
        #{closeType,jdbcType=DECIMAL},
      </if>
      <if test="refundStatus != null">
        #{refundStatus,jdbcType=DECIMAL},
      </if>
      <if test="productType != null">
        #{productType,jdbcType=DECIMAL},
      </if>
      <if test="deliveryCompanyName != null">
        #{deliveryCompanyName,jdbcType=VARCHAR},
      </if>
      <if test="deliverySn != null">
        #{deliverySn,jdbcType=VARCHAR},
      </if>
      <if test="receiverName != null">
        #{receiverName,jdbcType=VARCHAR},
      </if>
      <if test="receiverPhone != null">
        #{receiverPhone,jdbcType=VARCHAR},
      </if>
      <if test="receiverProvince != null">
        #{receiverProvince,jdbcType=VARCHAR},
      </if>
      <if test="receiverCity != null">
        #{receiverCity,jdbcType=VARCHAR},
      </if>
      <if test="receiverRegion != null">
        #{receiverRegion,jdbcType=VARCHAR},
      </if>
      <if test="receiverDetailAddress != null">
        #{receiverDetailAddress,jdbcType=VARCHAR},
      </if>
      <if test="note != null">
        #{note,jdbcType=VARCHAR},
      </if>
      <if test="confirmStatus != null">
        #{confirmStatus,jdbcType=DECIMAL},
      </if>
      <if test="integrationPayFlag != null">
        #{integrationPayFlag,jdbcType=DECIMAL},
      </if>
      <if test="paymentTime != null">
        #{paymentTime,jdbcType=TIMESTAMP},
      </if>
      <if test="deliveryTime != null">
        #{deliveryTime,jdbcType=TIMESTAMP},
      </if>
      <if test="receiveTime != null">
        #{receiveTime,jdbcType=TIMESTAMP},
      </if>
      <if test="rechargeMobile != null">
        #{rechargeMobile,jdbcType=VARCHAR},
      </if>
      <if test="mobileAddress != null">
        #{mobileAddress,jdbcType=VARCHAR},
      </if>
      <if test="noticeStatus != null">
        #{noticeStatus,jdbcType=DECIMAL},
      </if>
      <if test="createTime != null">
        #{createTime,jdbcType=TIMESTAMP},
      </if>
      <if test="updateTime != null">
        #{updateTime,jdbcType=TIMESTAMP},
      </if>
      <if test="reqUrl != null">
        #{reqUrl,jdbcType=VARCHAR},
      </if>
      <if test="accessSignId != null">
        #{accessSignId,jdbcType=VARCHAR},
      </if>
    </trim>
  </insert>
  <select id="countByExample" parameterType="com.qdbank.mall.model.orderreport.OrderReportDOExample" resultType="java.lang.Long">
    select count(*) from OMS_ORDER_REPORT
    <if test="_parameter != null">
      <include refid="Example_Where_Clause" />
    </if>
  </select>
  <update id="updateByExampleSelective" parameterType="map">
    update OMS_ORDER_REPORT
    <set>
      <if test="record.orderId != null">
        ORDER_ID = #{record.orderId,jdbcType=DECIMAL},
      </if>
      <if test="record.custNo != null">
        CUST_NO = #{record.custNo,jdbcType=DECIMAL},
      </if>
      <if test="record.custName != null">
        CUST_NAME = #{record.custName,jdbcType=VARCHAR},
      </if>
      <if test="record.custMobile != null">
        CUST_MOBILE = #{record.custMobile,jdbcType=DECIMAL},
      </if>
      <if test="record.merchantNo != null">
        MERCHANT_NO = #{record.merchantNo,jdbcType=DECIMAL},
      </if>
      <if test="record.merchantName != null">
        MERCHANT_NAME = #{record.merchantName,jdbcType=VARCHAR},
      </if>
      <if test="record.orderSn != null">
        ORDER_SN = #{record.orderSn,jdbcType=VARCHAR},
      </if>
      <if test="record.productId != null">
        PRODUCT_ID = #{record.productId,jdbcType=DECIMAL},
      </if>
      <if test="record.productName != null">
        PRODUCT_NAME = #{record.productName,jdbcType=VARCHAR},
      </if>
      <if test="record.productSkuId != null">
        PRODUCT_SKU_ID = #{record.productSkuId,jdbcType=DECIMAL},
      </if>
      <if test="record.productCount != null">
        PRODUCT_COUNT = #{record.productCount,jdbcType=DECIMAL},
      </if>
      <if test="record.productPrice != null">
        PRODUCT_PRICE = #{record.productPrice,jdbcType=DECIMAL},
      </if>
      <if test="record.productCash != null">
        PRODUCT_CASH = #{record.productCash,jdbcType=DECIMAL},
      </if>
      <if test="record.productIntegration != null">
        PRODUCT_INTEGRATION = #{record.productIntegration,jdbcType=DECIMAL},
      </if>
      <if test="record.categoryId1 != null">
        CATEGORY_ID_1 = #{record.categoryId1,jdbcType=DECIMAL},
      </if>
      <if test="record.categoryId2 != null">
        CATEGORY_ID_2 = #{record.categoryId2,jdbcType=DECIMAL},
      </if>
      <if test="record.categoryId3 != null">
        CATEGORY_ID_3 = #{record.categoryId3,jdbcType=DECIMAL},
      </if>
      <if test="record.categoryId4 != null">
        CATEGORY_ID_4 = #{record.categoryId4,jdbcType=DECIMAL},
      </if>
      <if test="record.payAmount != null">
        PAY_AMOUNT = #{record.payAmount,jdbcType=DECIMAL},
      </if>
      <if test="record.orderCash != null">
        ORDER_CASH = #{record.orderCash,jdbcType=DECIMAL},
      </if>
      <if test="record.orderIntegration != null">
        ORDER_INTEGRATION = #{record.orderIntegration,jdbcType=DECIMAL},
      </if>
      <if test="record.freightAmount != null">
        FREIGHT_AMOUNT = #{record.freightAmount,jdbcType=DECIMAL},
      </if>
      <if test="record.userCouponId != null">
        USER_COUPON_ID = #{record.userCouponId,jdbcType=DECIMAL},
      </if>
      <if test="record.couponType != null">
        COUPON_TYPE = #{record.couponType,jdbcType=DECIMAL},
      </if>
      <if test="record.couponAmount != null">
        COUPON_AMOUNT = #{record.couponAmount,jdbcType=DECIMAL},
      </if>
      <if test="record.payType != null">
        PAY_TYPE = #{record.payType,jdbcType=DECIMAL},
      </if>
      <if test="record.status != null">
        STATUS = #{record.status,jdbcType=DECIMAL},
      </if>
      <if test="record.closeType != null">
        CLOSE_TYPE = #{record.closeType,jdbcType=DECIMAL},
      </if>
      <if test="record.refundStatus != null">
        REFUND_STATUS = #{record.refundStatus,jdbcType=DECIMAL},
      </if>
      <if test="record.productType != null">
        PRODUCT_TYPE = #{record.productType,jdbcType=DECIMAL},
      </if>
      <if test="record.deliveryCompanyName != null">
        DELIVERY_COMPANY_NAME = #{record.deliveryCompanyName,jdbcType=VARCHAR},
      </if>
      <if test="record.deliverySn != null">
        DELIVERY_SN = #{record.deliverySn,jdbcType=VARCHAR},
      </if>
      <if test="record.receiverName != null">
        RECEIVER_NAME = #{record.receiverName,jdbcType=VARCHAR},
      </if>
      <if test="record.receiverPhone != null">
        RECEIVER_PHONE = #{record.receiverPhone,jdbcType=VARCHAR},
      </if>
      <if test="record.receiverProvince != null">
        RECEIVER_PROVINCE = #{record.receiverProvince,jdbcType=VARCHAR},
      </if>
      <if test="record.receiverCity != null">
        RECEIVER_CITY = #{record.receiverCity,jdbcType=VARCHAR},
      </if>
      <if test="record.receiverRegion != null">
        RECEIVER_REGION = #{record.receiverRegion,jdbcType=VARCHAR},
      </if>
      <if test="record.receiverDetailAddress != null">
        RECEIVER_DETAIL_ADDRESS = #{record.receiverDetailAddress,jdbcType=VARCHAR},
      </if>
      <if test="record.note != null">
        NOTE = #{record.note,jdbcType=VARCHAR},
      </if>
      <if test="record.confirmStatus != null">
        CONFIRM_STATUS = #{record.confirmStatus,jdbcType=DECIMAL},
      </if>
      <if test="record.integrationPayFlag != null">
        INTEGRATION_PAY_FLAG = #{record.integrationPayFlag,jdbcType=DECIMAL},
      </if>
      <if test="record.paymentTime != null">
        PAYMENT_TIME = #{record.paymentTime,jdbcType=TIMESTAMP},
      </if>
      <if test="record.deliveryTime != null">
        DELIVERY_TIME = #{record.deliveryTime,jdbcType=TIMESTAMP},
      </if>
      <if test="record.receiveTime != null">
        RECEIVE_TIME = #{record.receiveTime,jdbcType=TIMESTAMP},
      </if>
      <if test="record.rechargeMobile != null">
        RECHARGE_MOBILE = #{record.rechargeMobile,jdbcType=VARCHAR},
      </if>
      <if test="record.mobileAddress != null">
        MOBILE_ADDRESS = #{record.mobileAddress,jdbcType=VARCHAR},
      </if>
      <if test="record.noticeStatus != null">
        NOTICE_STATUS = #{record.noticeStatus,jdbcType=DECIMAL},
      </if>
      <if test="record.createTime != null">
        CREATE_TIME = #{record.createTime,jdbcType=TIMESTAMP},
      </if>
      <if test="record.updateTime != null">
        UPDATE_TIME = #{record.updateTime,jdbcType=TIMESTAMP},
      </if>
      <if test="record.reqUrl != null">
        REQ_URL = #{record.reqUrl,jdbcType=VARCHAR},
      </if>
      <if test="record.accessSignId != null">
        ACCESS_SIGN_ID = #{record.accessSignId,jdbcType=VARCHAR},
      </if>
    </set>
    <if test="_parameter != null">
      <include refid="Update_By_Example_Where_Clause" />
    </if>
  </update>
  <update id="updateByExample" parameterType="map">
    update OMS_ORDER_REPORT
    set ORDER_ID = #{record.orderId,jdbcType=DECIMAL},
    CUST_NO = #{record.custNo,jdbcType=DECIMAL},
    CUST_NAME = #{record.custName,jdbcType=VARCHAR},
    CUST_MOBILE = #{record.custMobile,jdbcType=DECIMAL},
    MERCHANT_NO = #{record.merchantNo,jdbcType=DECIMAL},
    MERCHANT_NAME = #{record.merchantName,jdbcType=VARCHAR},
    ORDER_SN = #{record.orderSn,jdbcType=VARCHAR},
    PRODUCT_ID = #{record.productId,jdbcType=DECIMAL},
    PRODUCT_NAME = #{record.productName,jdbcType=VARCHAR},
    PRODUCT_SKU_ID = #{record.productSkuId,jdbcType=DECIMAL},
    PRODUCT_COUNT = #{record.productCount,jdbcType=DECIMAL},
    PRODUCT_PRICE = #{record.productPrice,jdbcType=DECIMAL},
    PRODUCT_CASH = #{record.productCash,jdbcType=DECIMAL},
    PRODUCT_INTEGRATION = #{record.productIntegration,jdbcType=DECIMAL},
    CATEGORY_ID_1 = #{record.categoryId1,jdbcType=DECIMAL},
    CATEGORY_ID_2 = #{record.categoryId2,jdbcType=DECIMAL},
    CATEGORY_ID_3 = #{record.categoryId3,jdbcType=DECIMAL},
    CATEGORY_ID_4 = #{record.categoryId4,jdbcType=DECIMAL},
    PAY_AMOUNT = #{record.payAmount,jdbcType=DECIMAL},
    ORDER_CASH = #{record.orderCash,jdbcType=DECIMAL},
    ORDER_INTEGRATION = #{record.orderIntegration,jdbcType=DECIMAL},
    FREIGHT_AMOUNT = #{record.freightAmount,jdbcType=DECIMAL},
    USER_COUPON_ID = #{record.userCouponId,jdbcType=DECIMAL},
    COUPON_TYPE = #{record.couponType,jdbcType=DECIMAL},
    COUPON_AMOUNT = #{record.couponAmount,jdbcType=DECIMAL},
    PAY_TYPE = #{record.payType,jdbcType=DECIMAL},
    STATUS = #{record.status,jdbcType=DECIMAL},
    CLOSE_TYPE = #{record.closeType,jdbcType=DECIMAL},
    REFUND_STATUS = #{record.refundStatus,jdbcType=DECIMAL},
    PRODUCT_TYPE = #{record.productType,jdbcType=DECIMAL},
    DELIVERY_COMPANY_NAME = #{record.deliveryCompanyName,jdbcType=VARCHAR},
    DELIVERY_SN = #{record.deliverySn,jdbcType=VARCHAR},
    RECEIVER_NAME = #{record.receiverName,jdbcType=VARCHAR},
    RECEIVER_PHONE = #{record.receiverPhone,jdbcType=VARCHAR},
    RECEIVER_PROVINCE = #{record.receiverProvince,jdbcType=VARCHAR},
    RECEIVER_CITY = #{record.receiverCity,jdbcType=VARCHAR},
    RECEIVER_REGION = #{record.receiverRegion,jdbcType=VARCHAR},
    RECEIVER_DETAIL_ADDRESS = #{record.receiverDetailAddress,jdbcType=VARCHAR},
    NOTE = #{record.note,jdbcType=VARCHAR},
    CONFIRM_STATUS = #{record.confirmStatus,jdbcType=DECIMAL},
    INTEGRATION_PAY_FLAG = #{record.integrationPayFlag,jdbcType=DECIMAL},
    PAYMENT_TIME = #{record.paymentTime,jdbcType=TIMESTAMP},
    DELIVERY_TIME = #{record.deliveryTime,jdbcType=TIMESTAMP},
    RECEIVE_TIME = #{record.receiveTime,jdbcType=TIMESTAMP},
    RECHARGE_MOBILE = #{record.rechargeMobile,jdbcType=VARCHAR},
    MOBILE_ADDRESS = #{record.mobileAddress,jdbcType=VARCHAR},
    NOTICE_STATUS = #{record.noticeStatus,jdbcType=DECIMAL},
    CREATE_TIME = #{record.createTime,jdbcType=TIMESTAMP},
    UPDATE_TIME = #{record.updateTime,jdbcType=TIMESTAMP},
    REQ_URL = #{record.reqUrl,jdbcType=VARCHAR},
    ACCESS_SIGN_ID = #{record.accessSignId,jdbcType=VARCHAR}
    <if test="_parameter != null">
      <include refid="Update_By_Example_Where_Clause" />
    </if>
  </update>
  <update id="updateByPrimaryKeySelective" parameterType="com.qdbank.mall.model.orderreport.OrderReportDO">
    update OMS_ORDER_REPORT
    <set>
      <if test="custNo != null">
        CUST_NO = #{custNo,jdbcType=DECIMAL},
      </if>
      <if test="custName != null">
        CUST_NAME = #{custName,jdbcType=VARCHAR},
      </if>
      <if test="custMobile != null">
        CUST_MOBILE = #{custMobile,jdbcType=DECIMAL},
      </if>
      <if test="merchantNo != null">
        MERCHANT_NO = #{merchantNo,jdbcType=DECIMAL},
      </if>
      <if test="merchantName != null">
        MERCHANT_NAME = #{merchantName,jdbcType=VARCHAR},
      </if>
      <if test="orderSn != null">
        ORDER_SN = #{orderSn,jdbcType=VARCHAR},
      </if>
      <if test="productId != null">
        PRODUCT_ID = #{productId,jdbcType=DECIMAL},
      </if>
      <if test="productName != null">
        PRODUCT_NAME = #{productName,jdbcType=VARCHAR},
      </if>
      <if test="productSkuId != null">
        PRODUCT_SKU_ID = #{productSkuId,jdbcType=DECIMAL},
      </if>
      <if test="productCount != null">
        PRODUCT_COUNT = #{productCount,jdbcType=DECIMAL},
      </if>
      <if test="productPrice != null">
        PRODUCT_PRICE = #{productPrice,jdbcType=DECIMAL},
      </if>
      <if test="productCash != null">
        PRODUCT_CASH = #{productCash,jdbcType=DECIMAL},
      </if>
      <if test="productIntegration != null">
        PRODUCT_INTEGRATION = #{productIntegration,jdbcType=DECIMAL},
      </if>
      <if test="categoryId1 != null">
        CATEGORY_ID_1 = #{categoryId1,jdbcType=DECIMAL},
      </if>
      <if test="categoryId2 != null">
        CATEGORY_ID_2 = #{categoryId2,jdbcType=DECIMAL},
      </if>
      <if test="categoryId3 != null">
        CATEGORY_ID_3 = #{categoryId3,jdbcType=DECIMAL},
      </if>
      <if test="categoryId4 != null">
        CATEGORY_ID_4 = #{categoryId4,jdbcType=DECIMAL},
      </if>
      <if test="payAmount != null">
        PAY_AMOUNT = #{payAmount,jdbcType=DECIMAL},
      </if>
      <if test="orderCash != null">
        ORDER_CASH = #{orderCash,jdbcType=DECIMAL},
      </if>
      <if test="orderIntegration != null">
        ORDER_INTEGRATION = #{orderIntegration,jdbcType=DECIMAL},
      </if>
      <if test="freightAmount != null">
        FREIGHT_AMOUNT = #{freightAmount,jdbcType=DECIMAL},
      </if>
      <if test="userCouponId != null">
        USER_COUPON_ID = #{userCouponId,jdbcType=DECIMAL},
      </if>
      <if test="couponType != null">
        COUPON_TYPE = #{couponType,jdbcType=DECIMAL},
      </if>
      <if test="couponAmount != null">
        COUPON_AMOUNT = #{couponAmount,jdbcType=DECIMAL},
      </if>
      <if test="payType != null">
        PAY_TYPE = #{payType,jdbcType=DECIMAL},
      </if>
      <if test="status != null">
        STATUS = #{status,jdbcType=DECIMAL},
      </if>
      <if test="closeType != null">
        CLOSE_TYPE = #{closeType,jdbcType=DECIMAL},
      </if>
      <if test="refundStatus != null">
        REFUND_STATUS = #{refundStatus,jdbcType=DECIMAL},
      </if>
      <if test="productType != null">
        PRODUCT_TYPE = #{productType,jdbcType=DECIMAL},
      </if>
      <if test="deliveryCompanyName != null">
        DELIVERY_COMPANY_NAME = #{deliveryCompanyName,jdbcType=VARCHAR},
      </if>
      <if test="deliverySn != null">
        DELIVERY_SN = #{deliverySn,jdbcType=VARCHAR},
      </if>
      <if test="receiverName != null">
        RECEIVER_NAME = #{receiverName,jdbcType=VARCHAR},
      </if>
      <if test="receiverPhone != null">
        RECEIVER_PHONE = #{receiverPhone,jdbcType=VARCHAR},
      </if>
      <if test="receiverProvince != null">
        RECEIVER_PROVINCE = #{receiverProvince,jdbcType=VARCHAR},
      </if>
      <if test="receiverCity != null">
        RECEIVER_CITY = #{receiverCity,jdbcType=VARCHAR},
      </if>
      <if test="receiverRegion != null">
        RECEIVER_REGION = #{receiverRegion,jdbcType=VARCHAR},
      </if>
      <if test="receiverDetailAddress != null">
        RECEIVER_DETAIL_ADDRESS = #{receiverDetailAddress,jdbcType=VARCHAR},
      </if>
      <if test="note != null">
        NOTE = #{note,jdbcType=VARCHAR},
      </if>
      <if test="confirmStatus != null">
        CONFIRM_STATUS = #{confirmStatus,jdbcType=DECIMAL},
      </if>
      <if test="integrationPayFlag != null">
        INTEGRATION_PAY_FLAG = #{integrationPayFlag,jdbcType=DECIMAL},
      </if>
      <if test="paymentTime != null">
        PAYMENT_TIME = #{paymentTime,jdbcType=TIMESTAMP},
      </if>
      <if test="deliveryTime != null">
        DELIVERY_TIME = #{deliveryTime,jdbcType=TIMESTAMP},
      </if>
      <if test="receiveTime != null">
        RECEIVE_TIME = #{receiveTime,jdbcType=TIMESTAMP},
      </if>
      <if test="rechargeMobile != null">
        RECHARGE_MOBILE = #{rechargeMobile,jdbcType=VARCHAR},
      </if>
      <if test="mobileAddress != null">
        MOBILE_ADDRESS = #{mobileAddress,jdbcType=VARCHAR},
      </if>
      <if test="noticeStatus != null">
        NOTICE_STATUS = #{noticeStatus,jdbcType=DECIMAL},
      </if>
      <if test="createTime != null">
        CREATE_TIME = #{createTime,jdbcType=TIMESTAMP},
      </if>
      <if test="updateTime != null">
        UPDATE_TIME = #{updateTime,jdbcType=TIMESTAMP},
      </if>
      <if test="reqUrl != null">
        REQ_URL = #{reqUrl,jdbcType=VARCHAR},
      </if>
      <if test="accessSignId != null">
        ACCESS_SIGN_ID = #{accessSignId,jdbcType=VARCHAR},
      </if>
    </set>
    where ORDER_ID = #{orderId,jdbcType=DECIMAL}
  </update>
  <update id="updateByPrimaryKey" parameterType="com.qdbank.mall.model.orderreport.OrderReportDO">
    update OMS_ORDER_REPORT
    set CUST_NO = #{custNo,jdbcType=DECIMAL},
      CUST_NAME = #{custName,jdbcType=VARCHAR},
      CUST_MOBILE = #{custMobile,jdbcType=DECIMAL},
      MERCHANT_NO = #{merchantNo,jdbcType=DECIMAL},
      MERCHANT_NAME = #{merchantName,jdbcType=VARCHAR},
      ORDER_SN = #{orderSn,jdbcType=VARCHAR},
      PRODUCT_ID = #{productId,jdbcType=DECIMAL},
      PRODUCT_NAME = #{productName,jdbcType=VARCHAR},
      PRODUCT_SKU_ID = #{productSkuId,jdbcType=DECIMAL},
      PRODUCT_COUNT = #{productCount,jdbcType=DECIMAL},
      PRODUCT_PRICE = #{productPrice,jdbcType=DECIMAL},
      PRODUCT_CASH = #{productCash,jdbcType=DECIMAL},
      PRODUCT_INTEGRATION = #{productIntegration,jdbcType=DECIMAL},
      CATEGORY_ID_1 = #{categoryId1,jdbcType=DECIMAL},
      CATEGORY_ID_2 = #{categoryId2,jdbcType=DECIMAL},
      CATEGORY_ID_3 = #{categoryId3,jdbcType=DECIMAL},
      CATEGORY_ID_4 = #{categoryId4,jdbcType=DECIMAL},
      PAY_AMOUNT = #{payAmount,jdbcType=DECIMAL},
      ORDER_CASH = #{orderCash,jdbcType=DECIMAL},
      ORDER_INTEGRATION = #{orderIntegration,jdbcType=DECIMAL},
      FREIGHT_AMOUNT = #{freightAmount,jdbcType=DECIMAL},
      USER_COUPON_ID = #{userCouponId,jdbcType=DECIMAL},
      COUPON_TYPE = #{couponType,jdbcType=DECIMAL},
      COUPON_AMOUNT = #{couponAmount,jdbcType=DECIMAL},
      PAY_TYPE = #{payType,jdbcType=DECIMAL},
      STATUS = #{status,jdbcType=DECIMAL},
      CLOSE_TYPE = #{closeType,jdbcType=DECIMAL},
      REFUND_STATUS = #{refundStatus,jdbcType=DECIMAL},
      PRODUCT_TYPE = #{productType,jdbcType=DECIMAL},
      DELIVERY_COMPANY_NAME = #{deliveryCompanyName,jdbcType=VARCHAR},
      DELIVERY_SN = #{deliverySn,jdbcType=VARCHAR},
      RECEIVER_NAME = #{receiverName,jdbcType=VARCHAR},
      RECEIVER_PHONE = #{receiverPhone,jdbcType=VARCHAR},
      RECEIVER_PROVINCE = #{receiverProvince,jdbcType=VARCHAR},
      RECEIVER_CITY = #{receiverCity,jdbcType=VARCHAR},
      RECEIVER_REGION = #{receiverRegion,jdbcType=VARCHAR},
      RECEIVER_DETAIL_ADDRESS = #{receiverDetailAddress,jdbcType=VARCHAR},
      NOTE = #{note,jdbcType=VARCHAR},
      CONFIRM_STATUS = #{confirmStatus,jdbcType=DECIMAL},
      INTEGRATION_PAY_FLAG = #{integrationPayFlag,jdbcType=DECIMAL},
      PAYMENT_TIME = #{paymentTime,jdbcType=TIMESTAMP},
      DELIVERY_TIME = #{deliveryTime,jdbcType=TIMESTAMP},
      RECEIVE_TIME = #{receiveTime,jdbcType=TIMESTAMP},
      RECHARGE_MOBILE = #{rechargeMobile,jdbcType=VARCHAR},
      MOBILE_ADDRESS = #{mobileAddress,jdbcType=VARCHAR},
      NOTICE_STATUS = #{noticeStatus,jdbcType=DECIMAL},
      CREATE_TIME = #{createTime,jdbcType=TIMESTAMP},
      UPDATE_TIME = #{updateTime,jdbcType=TIMESTAMP},
      REQ_URL = #{reqUrl,jdbcType=VARCHAR},
      ACCESS_SIGN_ID = #{accessSignId,jdbcType=VARCHAR}
    where ORDER_ID = #{orderId,jdbcType=DECIMAL}
  </update>

  <select id="selectOrderMerchantNos" parameterType="com.qdbank.mall.model.orderreport.OrderReportExportDO"  resultType="java.lang.Long">
    select distinct o.merchant_no from OMS_ORDER o
    where
    o.PAYMENT_TIME &gt;= #{startDate,jdbcType=TIMESTAMP}
    and
    o.PAYMENT_TIME &lt; #{endDate,jdbcType=TIMESTAMP}
    <if test="merchantNo != null">
      and o.MERCHANT_NO = #{merchantNo,jdbcType=DECIMAL}
    </if>
  </select>
  <select id="selectTradeTotal" parameterType="com.qdbank.mall.model.orderreport.OrderReportExportDO" resultMap="TradeExportResultMap">
    select
    count(1) as total,
    merchant_no,
    sum(product_price) as product_price,
    sum(order_cash) as order_cash,
    sum(freight_amount) as freight_amount,
    sum(order_integration) as order_integration,
    sum(cashAndFreightAmount) as cashAndFreightAmount,
    coupon_type,
    distributeWay,
    sum(nvl(coupon_amount,0)) as couponCount,
    sum(nvl(discount_amount,0)) as discountAmount
    from
    (select
    o.merchant_no,
    nvl(o.product_price * o.PRODUCT_COUNT,0) product_price,
    nvl(o.order_cash,0) order_cash,
    nvl(o.freight_amount,0) freight_amount,
    nvl(o.order_integration,0) order_integration,
    nvl(o.order_cash,0)+ nvl(o.freight_amount,0) cashAndFreightAmount,
    o.coupon_type coupon_type,
        case when  coupon.BATCH_NO is not null then '1'
         when o.coupon_type is not null then '0' else null end distributeWay,
         nvl(o.coupon_amount,0) coupon_amount,
    o.DISCOUNT_AMOUNT discount_amount
    from
    OMS_ORDER o left join SMS_USER_COUPON coupon on o.USER_COUPON_ID=coupon.USER_COUPON_ID
    where
    o.PAYMENT_TIME &gt;= #{startDate,jdbcType=TIMESTAMP}
    and
    o.PAYMENT_TIME &lt; #{endDate,jdbcType=TIMESTAMP}
    and
    o.MERCHANT_NO = #{merchantNo,jdbcType=DECIMAL})
    group by MERCHANT_NO,coupon_type,distributeWay
  </select>

  <select id="selectCouponAmount" parameterType="com.qdbank.mall.model.orderreport.OrderReportExportDO" resultType="decimal" >
    select
      sum(nvl(COUPON_AMOUNT,0)) as couponAmount
    from
      OMS_ORDER
    where
     PAYMENT_TIME &gt;= #{startDate,jdbcType=TIMESTAMP}
    and
     PAYMENT_TIME &lt; #{endDate,jdbcType=TIMESTAMP}
    and
     COUPON_TYPE = #{couponType,jdbcType=DECIMAL}
    and
     MERCHANT_NO = #{merchantNo,jdbcType=DECIMAL}
  </select>

  <select id="selectOrderIntegration" parameterType="com.qdbank.mall.model.orderreport.OrderReportExportDO" resultType="java.lang.Long">
     select
      sum(nvl(ORDER_INTEGRATION,0)) as orderIntegration
    from
      OMS_ORDER
    where
     PAYMENT_TIME &gt;= #{startDate,jdbcType=TIMESTAMP}
    and
     PAYMENT_TIME &lt; #{endDate,jdbcType=TIMESTAMP}
    and
     MERCHANT_NO = #{merchantNo,jdbcType=DECIMAL}
  </select>

  <select id="selectTradeDetail" parameterType="com.qdbank.mall.model.orderreport.OrderReportExportDO" resultMap="TradeDetailResultMap">
    select
    t.ORDER_SN as ORDER_SN,
    t.ORDER_ID as ORDER_ID,
    t.PAYMENT_TIME as PAYMENT_TIME,
    nvl(t.PRODUCT_PRICE * t.PRODUCT_COUNT,0) AS PRODUCT_PRICE,
    nvl(t.ORDER_INTEGRATION,0) as ORDER_INTEGRATION,
    nvl(t.COUPON_AMOUNT,0) as integrationCouponAmount,
    case
    when t.INTEGRATION_PAY_FLAG = 0 then '否'
    else '是'
    end as integrationPayFlag,
    s.BATCH_NO,
    nvl(t.FREIGHT_AMOUNT,0) as FREIGHT_AMOUNT,
    nvl(t.ORDER_CASH,0) as ORDER_CASH,
    nvl(t.ORDER_CASH,0) + nvl(t.FREIGHT_AMOUNT,0) as cashAndFreightAmount,
    '支付订单' as orderType,
    t.MERCHANT_NO ,
    t.MERCHANT_NAME ,
    t.PRODUCT_ID,
    t.PRODUCT_SKU_ID,
    t.coupon_type,
    nvl(t.discount_amount,0)  as discountAmount
    from
    oms_order t left join sms_user_coupon s on t.user_coupon_id = s.user_coupon_id
    where
    t.PAYMENT_TIME &gt;= #{startDate,jdbcType=TIMESTAMP}
    and
    t.PAYMENT_TIME &lt; #{endDate,jdbcType=TIMESTAMP}
    <if test="merchantNo != null and merchantNo != ''">
      and t.MERCHANT_NO = #{merchantNo,jdbcType=DECIMAL}
    </if>
  </select>

  <select id="selectIntegrationCoupon" parameterType="com.qdbank.mall.model.orderreport.TradeMerchantInfoDO" resultMap="IntegrationCouponResultMap">
    select
    t.merchant_no,
    sum (nvl(t.notNeedPayIntegration/100,0)) as notNeedPayIntegration,
    sum(nvl(t.needPayIntegration/100,0)) as needPayIntegration ,
    sum(nvl(t.coupon_amount,0)) as coupon_amount,
    sum(nvl(t.notNeedPayIntegration/100,0)+nvl(t.needPayIntegration/100,0)+nvl(t.coupon_amount,0)) as totalIntegration,
    sum(nvl(t.needPayIntegration/100,0)+ nvl(t.coupon_amount,0)) as needPayTotalIntegration
    from(
      select
      o.payment_time,
      o.merchant_no,
      case
        when
            o.integration_pay_flag = 0 then nvl(o.order_integration,0)
      end as notNeedPayIntegration,
      case
        when
            o.integration_pay_flag = 1 then nvl(o.order_integration,0)
      end as needPayIntegration,
      case
        when
            o.coupon_type = 0 and s.BATCH_NO is null then nvl(o.coupon_amount,0)
      end as coupon_amount
      from oms_order o left join ums_merchant m  on o.MERCHANT_NO = m.MERCHANT_NO
      left join SMS_USER_COUPON s on o.USER_COUPON_ID = s.USER_COUPON_ID
      where
        o.PAYMENT_TIME &gt;= #{startDate,jdbcType=TIMESTAMP}
        and
        o.PAYMENT_TIME &lt; #{endDate,jdbcType=TIMESTAMP}
      and o.merchant_no = #{merchantNo,jdbcType=DECIMAL})t
    group by merchant_no
    order by merchant_no
  </select>

  <select id="selectIntegrationMerchantInfo" parameterType="com.qdbank.mall.model.orderreport.OrderReportExportDO"  resultType="com.qdbank.mall.model.orderreport.TradeMerchantInfoDO">
    select distinct
    o.merchant_no as merchantNo
    from OMS_ORDER o
    where
    o.PAYMENT_TIME &gt;= #{startDate,jdbcType=TIMESTAMP}
    and
    o.PAYMENT_TIME &lt; #{endDate,jdbcType=TIMESTAMP}
    <if test="merchantNo != null">
      and o.MERCHANT_NO = #{merchantNo,jdbcType=DECIMAL}
    </if>
    <if test="couponType != null">
      and o.COUPON_TYPE = #{couponType,jdbcType=DECIMAL}
    </if>
    group by o.merchant_no order by o.merchant_no
  </select>


  <select id="selectCouponMerchantInfo" parameterType="com.qdbank.mall.model.orderreport.OrderReportExportDO"  resultType="com.qdbank.mall.model.orderreport.TradeMerchantInfoDO">
    select distinct
    o.merchant_no as merchantNo,
    o.COUPON_TYPE as couponType,
    s.batch_no as batchNo
    from OMS_ORDER o left join sms_user_coupon s on o.user_coupon_id = s.user_coupon_id
    where
    o.PAYMENT_TIME &gt;= #{startDate,jdbcType=TIMESTAMP}
    and
    o.PAYMENT_TIME &lt; #{endDate,jdbcType=TIMESTAMP}
    <if test="merchantNo != null">
      and o.MERCHANT_NO = #{merchantNo,jdbcType=DECIMAL}
    </if>
    and s.batch_no is not null
  </select>


  <select id="selectProductCoupon" parameterType="com.qdbank.mall.model.orderreport.TradeMerchantInfoDO" resultMap="ProductCouponResultMap">
    select
    t.merchant_no,
    t.BATCH_NO,
    t.COUPON_NAME,
    sum(nvl(t.coupon_amount,0)) as coupon_amount,
    t.coupon_type
    from(
      select
      o.payment_time,
      o.merchant_no,
      s.BATCH_NO,
      c.COUPON_NAME,
      o.coupon_amount,
      o.coupon_type
      from oms_order o
      left join sms_user_coupon s on o.USER_COUPON_ID = s.USER_COUPON_ID
      left join sms_coupon c on s.BATCH_NO = c.BATCH_NO
      where
        o.PAYMENT_TIME &gt;= #{startDate,jdbcType=TIMESTAMP}
      and
         o.PAYMENT_TIME &lt; #{endDate,jdbcType=TIMESTAMP}
      and o.merchant_no = #{merchantNo,jdbcType=DECIMAL}
      and s.BATCH_NO = #{batchNo,jdbcType=DECIMAL}
      )t
    group by merchant_no,BATCH_NO,COUPON_NAME,coupon_type
  </select>

</mapper>
