<?xml version="1.0" encoding="UTF-8"?>
<!DOCTYPE mapper PUBLIC "-//mybatis.org//DTD Mapper 3.0//EN" "http://mybatis.org/dtd/mybatis-3-mapper.dtd">
<mapper namespace="com.qdbank.mall.mapper.product.VirtualProductDOMapper">
  <resultMap id="BaseResultMap" type="com.qdbank.mall.model.product.VirtualProductDO">
    <id column="PRODUCT_ID" jdbcType="DECIMAL" property="productId" />
    <result column="MERCHANT_NO" jdbcType="DECIMAL" property="merchantNo" />
    <result column="MERCHANT_NAME" jdbcType="VARCHAR" property="merchantName" />
    <result column="PRODUCT_NAME" jdbcType="VARCHAR" property="productName" />
    <result column="PRODUCT_DESCRIPTION" jdbcType="VARCHAR" property="productDescription" />
    <result column="PRODUCT_TYPE" jdbcType="DECIMAL" property="productType" />
    <result column="CREATE_TIME" jdbcType="TIMESTAMP" property="createTime" />
    <result column="UPDATE_TIME" jdbcType="TIMESTAMP" property="updateTime" />
    <result column="CREATED_BY" jdbcType="VARCHAR" property="createdBy" />
    <result column="UPDATED_BY" jdbcType="VARCHAR" property="updatedBy" />
  </resultMap>
  <sql id="Example_Where_Clause">
    <where>
      <foreach collection="oredCriteria" item="criteria" separator="or">
        <if test="criteria.valid">
          <trim prefix="(" prefixOverrides="and" suffix=")">
            <foreach collection="criteria.criteria" item="criterion">
              <choose>
                <when test="criterion.noValue">
                  and ${criterion.condition}
                </when>
                <when test="criterion.singleValue">
                  and ${criterion.condition} #{criterion.value}
                </when>
                <when test="criterion.betweenValue">
                  and ${criterion.condition} #{criterion.value} and #{criterion.secondValue}
                </when>
                <when test="criterion.listValue">
                  and ${criterion.condition}
                  <foreach close=")" collection="criterion.value" item="listItem" open="(" separator=",">
                    #{listItem}
                  </foreach>
                </when>
              </choose>
            </foreach>
          </trim>
        </if>
      </foreach>
    </where>
  </sql>
  <sql id="Update_By_Example_Where_Clause">
    <where>
      <foreach collection="example.oredCriteria" item="criteria" separator="or">
        <if test="criteria.valid">
          <trim prefix="(" prefixOverrides="and" suffix=")">
            <foreach collection="criteria.criteria" item="criterion">
              <choose>
                <when test="criterion.noValue">
                  and ${criterion.condition}
                </when>
                <when test="criterion.singleValue">
                  and ${criterion.condition} #{criterion.value}
                </when>
                <when test="criterion.betweenValue">
                  and ${criterion.condition} #{criterion.value} and #{criterion.secondValue}
                </when>
                <when test="criterion.listValue">
                  and ${criterion.condition}
                  <foreach close=")" collection="criterion.value" item="listItem" open="(" separator=",">
                    #{listItem}
                  </foreach>
                </when>
              </choose>
            </foreach>
          </trim>
        </if>
      </foreach>
    </where>
  </sql>
  <sql id="Base_Column_List">
    PRODUCT_ID, MERCHANT_NO, MERCHANT_NAME, PRODUCT_NAME, PRODUCT_DESCRIPTION, PRODUCT_TYPE, 
    CREATE_TIME, UPDATE_TIME, CREATED_BY, UPDATED_BY
  </sql>
  <select id="selectByExample" parameterType="com.qdbank.mall.model.product.VirtualProductDOExample" resultMap="BaseResultMap">
    select
    <if test="distinct">
      distinct
    </if>
    'true' as QUERYID,
    <include refid="Base_Column_List" />
    from PMS_VIRTUAL_PRODUCT
    <if test="_parameter != null">
      <include refid="Example_Where_Clause" />
    </if>
    <if test="orderByClause != null">
      order by ${orderByClause}
    </if>
  </select>
  <select id="selectByPrimaryKey" parameterType="java.lang.Long" resultMap="BaseResultMap">
    select 
    <include refid="Base_Column_List" />
    from PMS_VIRTUAL_PRODUCT
    where PRODUCT_ID = #{productId,jdbcType=DECIMAL}
  </select>
  <delete id="deleteByPrimaryKey" parameterType="java.lang.Long">
    delete from PMS_VIRTUAL_PRODUCT
    where PRODUCT_ID = #{productId,jdbcType=DECIMAL}
  </delete>
  <delete id="deleteByExample" parameterType="com.qdbank.mall.model.product.VirtualProductDOExample">
    delete from PMS_VIRTUAL_PRODUCT
    <if test="_parameter != null">
      <include refid="Example_Where_Clause" />
    </if>
  </delete>
  <insert id="insert" parameterType="com.qdbank.mall.model.product.VirtualProductDO">
    insert into PMS_VIRTUAL_PRODUCT (PRODUCT_ID, MERCHANT_NO, MERCHANT_NAME, 
      PRODUCT_NAME, PRODUCT_DESCRIPTION, PRODUCT_TYPE, 
      CREATE_TIME, UPDATE_TIME, CREATED_BY, 
      UPDATED_BY)
    values (#{productId,jdbcType=DECIMAL}, #{merchantNo,jdbcType=DECIMAL}, #{merchantName,jdbcType=VARCHAR}, 
      #{productName,jdbcType=VARCHAR}, #{productDescription,jdbcType=VARCHAR}, #{productType,jdbcType=DECIMAL}, 
      #{createTime,jdbcType=TIMESTAMP}, #{updateTime,jdbcType=TIMESTAMP}, #{createdBy,jdbcType=VARCHAR}, 
      #{updatedBy,jdbcType=VARCHAR})
  </insert>
  <insert id="insertSelective" parameterType="com.qdbank.mall.model.product.VirtualProductDO">
    insert into PMS_VIRTUAL_PRODUCT
    <trim prefix="(" suffix=")" suffixOverrides=",">
      <if test="productId != null">
        PRODUCT_ID,
      </if>
      <if test="merchantNo != null">
        MERCHANT_NO,
      </if>
      <if test="merchantName != null">
        MERCHANT_NAME,
      </if>
      <if test="productName != null">
        PRODUCT_NAME,
      </if>
      <if test="productDescription != null">
        PRODUCT_DESCRIPTION,
      </if>
      <if test="productType != null">
        PRODUCT_TYPE,
      </if>
      <if test="createTime != null">
        CREATE_TIME,
      </if>
      <if test="updateTime != null">
        UPDATE_TIME,
      </if>
      <if test="createdBy != null">
        CREATED_BY,
      </if>
      <if test="updatedBy != null">
        UPDATED_BY,
      </if>
    </trim>
    <trim prefix="values (" suffix=")" suffixOverrides=",">
      <if test="productId != null">
        #{productId,jdbcType=DECIMAL},
      </if>
      <if test="merchantNo != null">
        #{merchantNo,jdbcType=DECIMAL},
      </if>
      <if test="merchantName != null">
        #{merchantName,jdbcType=VARCHAR},
      </if>
      <if test="productName != null">
        #{productName,jdbcType=VARCHAR},
      </if>
      <if test="productDescription != null">
        #{productDescription,jdbcType=VARCHAR},
      </if>
      <if test="productType != null">
        #{productType,jdbcType=DECIMAL},
      </if>
      <if test="createTime != null">
        #{createTime,jdbcType=TIMESTAMP},
      </if>
      <if test="updateTime != null">
        #{updateTime,jdbcType=TIMESTAMP},
      </if>
      <if test="createdBy != null">
        #{createdBy,jdbcType=VARCHAR},
      </if>
      <if test="updatedBy != null">
        #{updatedBy,jdbcType=VARCHAR},
      </if>
    </trim>
  </insert>
  <select id="countByExample" parameterType="com.qdbank.mall.model.product.VirtualProductDOExample" resultType="java.lang.Long">
    select count(*) from PMS_VIRTUAL_PRODUCT
    <if test="_parameter != null">
      <include refid="Example_Where_Clause" />
    </if>
  </select>
  <update id="updateByExampleSelective" parameterType="map">
    update PMS_VIRTUAL_PRODUCT
    <set>
      <if test="record.productId != null">
        PRODUCT_ID = #{record.productId,jdbcType=DECIMAL},
      </if>
      <if test="record.merchantNo != null">
        MERCHANT_NO = #{record.merchantNo,jdbcType=DECIMAL},
      </if>
      <if test="record.merchantName != null">
        MERCHANT_NAME = #{record.merchantName,jdbcType=VARCHAR},
      </if>
      <if test="record.productName != null">
        PRODUCT_NAME = #{record.productName,jdbcType=VARCHAR},
      </if>
      <if test="record.productDescription != null">
        PRODUCT_DESCRIPTION = #{record.productDescription,jdbcType=VARCHAR},
      </if>
      <if test="record.productType != null">
        PRODUCT_TYPE = #{record.productType,jdbcType=DECIMAL},
      </if>
      <if test="record.createTime != null">
        CREATE_TIME = #{record.createTime,jdbcType=TIMESTAMP},
      </if>
      <if test="record.updateTime != null">
        UPDATE_TIME = #{record.updateTime,jdbcType=TIMESTAMP},
      </if>
      <if test="record.createdBy != null">
        CREATED_BY = #{record.createdBy,jdbcType=VARCHAR},
      </if>
      <if test="record.updatedBy != null">
        UPDATED_BY = #{record.updatedBy,jdbcType=VARCHAR},
      </if>
    </set>
    <if test="_parameter != null">
      <include refid="Update_By_Example_Where_Clause" />
    </if>
  </update>
  <update id="updateByExample" parameterType="map">
    update PMS_VIRTUAL_PRODUCT
    set PRODUCT_ID = #{record.productId,jdbcType=DECIMAL},
      MERCHANT_NO = #{record.merchantNo,jdbcType=DECIMAL},
      MERCHANT_NAME = #{record.merchantName,jdbcType=VARCHAR},
      PRODUCT_NAME = #{record.productName,jdbcType=VARCHAR},
      PRODUCT_DESCRIPTION = #{record.productDescription,jdbcType=VARCHAR},
      PRODUCT_TYPE = #{record.productType,jdbcType=DECIMAL},
      CREATE_TIME = #{record.createTime,jdbcType=TIMESTAMP},
      UPDATE_TIME = #{record.updateTime,jdbcType=TIMESTAMP},
      CREATED_BY = #{record.createdBy,jdbcType=VARCHAR},
      UPDATED_BY = #{record.updatedBy,jdbcType=VARCHAR}
    <if test="_parameter != null">
      <include refid="Update_By_Example_Where_Clause" />
    </if>
  </update>
  <update id="updateByPrimaryKeySelective" parameterType="com.qdbank.mall.model.product.VirtualProductDO">
    update PMS_VIRTUAL_PRODUCT
    <set>
      <if test="merchantNo != null">
        MERCHANT_NO = #{merchantNo,jdbcType=DECIMAL},
      </if>
      <if test="merchantName != null">
        MERCHANT_NAME = #{merchantName,jdbcType=VARCHAR},
      </if>
      <if test="productName != null">
        PRODUCT_NAME = #{productName,jdbcType=VARCHAR},
      </if>
      <if test="productDescription != null">
        PRODUCT_DESCRIPTION = #{productDescription,jdbcType=VARCHAR},
      </if>
      <if test="productType != null">
        PRODUCT_TYPE = #{productType,jdbcType=DECIMAL},
      </if>
      <if test="createTime != null">
        CREATE_TIME = #{createTime,jdbcType=TIMESTAMP},
      </if>
      <if test="updateTime != null">
        UPDATE_TIME = #{updateTime,jdbcType=TIMESTAMP},
      </if>
      <if test="createdBy != null">
        CREATED_BY = #{createdBy,jdbcType=VARCHAR},
      </if>
      <if test="updatedBy != null">
        UPDATED_BY = #{updatedBy,jdbcType=VARCHAR},
      </if>
    </set>
    where PRODUCT_ID = #{productId,jdbcType=DECIMAL}
  </update>
  <update id="updateByPrimaryKey" parameterType="com.qdbank.mall.model.product.VirtualProductDO">
    update PMS_VIRTUAL_PRODUCT
    set MERCHANT_NO = #{merchantNo,jdbcType=DECIMAL},
      MERCHANT_NAME = #{merchantName,jdbcType=VARCHAR},
      PRODUCT_NAME = #{productName,jdbcType=VARCHAR},
      PRODUCT_DESCRIPTION = #{productDescription,jdbcType=VARCHAR},
      PRODUCT_TYPE = #{productType,jdbcType=DECIMAL},
      CREATE_TIME = #{createTime,jdbcType=TIMESTAMP},
      UPDATE_TIME = #{updateTime,jdbcType=TIMESTAMP},
      CREATED_BY = #{createdBy,jdbcType=VARCHAR},
      UPDATED_BY = #{updatedBy,jdbcType=VARCHAR}
    where PRODUCT_ID = #{productId,jdbcType=DECIMAL}
  </update>
</mapper>